Song,,Constant,Level,Note Count,Difficulty,Song ID,Notes
Kaiju ni Naritai,怪獣になりたい,38.1,APD 38,2800,Append,671,help
Project SEKAI ULTIMATE Song Medley,プロセカULTIMATE楽曲メドレー,37.9,APD 37,5197,Append,675,help
YAMINABE!!!!!,ヤミナベ!!!!,37.8,37+,2015,Master,329,
JINSEI [Our Life],人生,37.7,37+,2242,Master,370,help
ARE YOU OK?,ダイジョブですか？,37.6,APD 37,2555,Append,487,
What's up? Pop!,What's up? Pop!,37.5,37,2362,Master,315,
Hatsune Kyousoukyoku Dai 01-ban 「Suisei」,初音狂奏曲第01番「彗惺」,37.5,APD 37,2586,Append,755,
MarbleBlue.,MarbleBlue.,37.5,APD 37,2500,Append,449,
Ogyarinizer,おぎゃりないざー,37.4,APD 37,2050,Append,486,
0.0000034,0.0000034,37.3,APD 37,2334,Append,691,
Anniversary High Difficulty Original Song Medley,周年記念高難易度書き下ろし楽曲メドレー,37.2,APD 37,4181,Append,676,
Nekuratune Circus,ネクラチューンサーカス,37.1,APD 37,2173,Append,668,
Memoria,メモリア,37.0,APD 37,2117,Append,488,
JOUOU,嬢王,36.9,APD 36,1972,Append,465,
Birthright Syndrome,生命性シンドロウム,36.7,APD 36,2357,Append,543,
THE END OF HATSUNE MIKU -Gekijouban-,初音ミクの消失−劇場版−,36.6,APD 36,1666,Append,709,
The Intense Voice of Hatsune Miku,初音ミクの激唱,36.6,APD 36,4500,Append,388,
Yuugen no Ran,幽玄ノ乱,36.6,APD 36,2206,Append,708,
SANchi Chokusou,SAN値直葬,36.5,APD 36,2060,Append,647,
Sage,Sage,36.4,APD 36,1812,Append,448,
the EmpErroR,the EmpErroR,36.3,36,1593,Master,163,
ANiMA,ANiMA,36.3,APD 36,1808,Append,745,
folern,folern,36.1,APD 35,1794,Append,447,
Chou Night of Knights,超ナイト・オブ・ナイツ,36.0,APD 36,1782,Append,622,
Don't Fight The Music,Don't Fight The Music,35.9,35+,1888,Master,164,
MACHINEGUN POEM DOLL,マシンガンポエムドール,35.9,35+,1819,Master,176,
MASTER High Difficulty Song Medley,MASTER高難易度楽曲メドレー,35.9,35+,3638,Master,674,
Kusare-gedou and Chocolate,腐れ外道とチョコレゐト,35.6,35+,1763,Master,250,
THE END OF HATSUNE MIKU,初音ミクの消失,35.6,35+,1666,Master,49,
End Mark ni Kibou to Namida wo soete,エンドマークに希望と涙を添えて,35.5,35,1948,Master,162,
Six Trillion Years and Overnight Story,六兆年と一夜物語,35.5,35,1288,Master,135,
Six Trillion Years and Overnight Story,六兆年と一夜物語,35.5,APD 35,1723,Append,135,
Kaiju ni Naritai,怪獣になりたい,35.4,35,1900,Master,671,
Brand New Day,Brand New Day,35.4,APD 35,1894,Append,128,
Chou Saishuu Kichiku Imouto Flandre S,超最終鬼畜妹フランドール・Ｓ,35.4,APD 35,1914,Append,503,
IMAWANOKIWA,IMAWANOKIWA,35.3,APD 35,1949,Append,584,
Yuugen no Ran,幽玄ノ乱,35.2,35,1410,Master,708,
CHAOS,CHAOS,35.0,APD 35,1651,Append,744,
The Intense Voice of Hatsune Miku,初音ミクの激唱,34.9,34+,1742,Master,131,
Hatsune Kyousoukyoku Dai 01-ban 「Suisei」,初音狂奏曲第01番「彗惺」,34.7,34+,2025,Master,755,
Ogyarinizer,おぎゃりないざー,34.7,34+,1637,Master,486,
Tokyo Teddy Bear,東京テディベア,34.6,APD 34,2024,Append,396,
ÅMARA(The Great Intelligence),ÅMARA(大未来電脳),34.5,34,1589,Master,285,
ARE YOU OK?,ダイジョブですか？,34.5,34,1674,Master,487,
Nekuratune Circus,ネクラチューンサーカス,34.5,34,1913,Master,668,
0.0000034,0.0000034,34.4,34,1934,Master,691,
HIBANA -Reloaded-,ヒバナ -Reloaded-,34.3,APD 34,1351,Append,6,
Fusion,フュージョン,34.2,APD 34,1555,Append,555,
Tondemo-Wonderz,トンデモワンダーズ,34.2,APD 33,1631,Append,127,
I am you,Iなんです,34.1,APD 33,1572,Append,304,
Kagerou Daze,カゲロウデイズ,34.1,APD 33,1915,Append,171,
Noda,のだ,34.1,APD 33,1346,Append,558,
Memoria,メモリア,34.0,34,1771,Master,488,
Protodisco,プロトディスコ,34.0,APD 34,1404,Append,561,
Cirno's Perfect Math Academy,チルノのパーフェクトさんすう学園,33.9,APD 33,1599,Append,624,
Hatsune Creation Myth,初音天地開闢神話,33.8,33+,2021,Master,186,
Konton Boogie,混沌ブギ,33.8,APD 33,1615,Append,499,
MarbleBlue.,MarbleBlue.,33.7,33+,1460,Master,449,
THE END OF HATSUNE MIKU -Gekijouban-,初音ミクの消失−劇場版−,33.7,33+,1221,Master,709,
Ángel,アンヘル,33.7,APD 33,1503,Append,562,
KILLER,キラー,33.7,APD 33,1267,Append,474,
ANiMA,ANiMA,33.6,33+,1248,Master,745,
Ghost Rule,ゴーストルール,33.6,33+,1473,Master,199,
Our 16bit Wars,ぼくらの16bit戦争,33.6,33+,1521,Master,249,
TREASURE GARDEN,トレジャーガーデン,33.6,33+,1468,Master,686,
DONUT HOLE 2024,ドーナツホール 2024,33.6,APD 33,1792,Append,220,
ONESELF,ONESELF,33.6,APD 33,1406,Append,227,
CHAOS,CHAOS,33.5,33,1464,Master,744,
Saitama 2000,さいたま2000,33.5,APD 33,1448,Append,707,
snooze,snooze,33.5,APD 33,1429,Append,554,
Lost One's Weeping,ロストワンの号哭,33.4,33,1157,Master,98,
NEO,NEO,33.4,APD 32,1365,Append,366,
Birthright Syndrome,生命性シンドロウム,33.3,33,1493,Master,543,
88☆彡,88☆彡,33.3,APD 32,1388,Append,224,
Chikyuu Saigo no Kokuhaku wo,地球最後の告白を,33.3,APD 32,1643,Append,154,
Pheles,フェレス,33.3,APD 31,1744,Append,291,
Internet Junk Junkie,Internet Junk Junkie,33.2,33,1341,Master,697,
JOUOU,嬢王,33.2,33,1456,Master,465,
Kibou no tsuki,幾望の月,33.2,APD 32,1273,Append,456,
Touhou☆Wonderland,とうほう☆ワンダーランド,33.2,APD 32,1488,Append,623,
Chou Night of Knights,超ナイト・オブ・ナイツ,33.1,33,1403,Master,622,
Planet Hero,プラネットヒーロー,33.1,33,1467,Master,588,
SANchi Chokusou,SAN値直葬,33.1,33,1821,Master,647,
Journey,Journey,33.1,APD 32,1765,Append,235,
Tenran no Ice Heaven,天藍のアイスヘヴン,33.0,33,1462,Master,732,
Accelerate,アクセラレイト,33.0,APD 32,1126,Append,583,
Non-breath oblige,ノンブレス・オブリージュ,33.0,APD 32,1287,Append,268,
Haikei Doppelganger,拝啓ドッペルゲンガー,32.9,32+,1654,Master,175,
HIBANA -Reloaded-,ヒバナ -Reloaded-,32.9,32+,1060,Master,6,
Sekai-Chan and Kafu-Chan's Otsukai Gassoukyoku,星界ちゃんと可不ちゃんのおつかい合騒曲,32.9,32+,1626,Master,328,
Brain Fluid Explosion Girl,脳漿炸裂ガール,32.8,32+,1500,Master,229,
Brand New Day,Brand New Day,32.8,32+,1316,Master,128,
Suicide Parade,スーサイドパレヱド,32.8,APD 32,1493,Append,606,
CIRCUS PANIC!!!,CIRCUS PANIC!!!,32.7,32+,1239,Master,408,
FUTURE EVE,フューチャー・イヴ,32.7,32+,1628,Master,273,
Setsuna Trip,セツナトリップ,32.7,32+,1370,Master,354,
Tondemo-Wonderz,トンデモワンダーズ,32.7,32+,1224,Master,127,
Ikiru,生きる,32.7,APD 32,1131,Append,644,
RAD DOGS,RAD DOGS,32.7,APD 32,1335,Append,101,
Doctor=Funk Beat,ドクター=ファンクビート,32.6,32+,1198,Master,28,
Invisible,インビジブル,32.6,32+,1436,Master,284,
Senbonzakura,千本桜,32.6,32+,1257,Master,110,
"Help me, ERINNNNNN!!","Help me, ERINNNNNN!!",32.6,APD 32,1564,Append,502,
Children Record,チルドレンレコード,32.5,32,1502,Master,136,
Heat abnormal,熱異常,32.5,32,1197,Master,451,
We Are Pico Pico Hammers!!!!!,ウィーアーピコピコハンマーズ!!!!,32.5,32,1416,Master,688,
folern,folern,32.4,32,1486,Master,447,
IMAWANOKIWA,IMAWANOKIWA,32.4,32,1423,Master,584,
Sage,Sage,32.4,32,1352,Master,448,
Teo,テオ,32.4,32,1221,Master,3,
Telecaster b boy,テレキャスタービーボーイ,32.4,APD 31,1159,Append,134,
Bitter Choco Decoration,ビターチョコデコレーション,32.3,32,1377,Master,129,
Manhattan,マンハッタン,32.3,32,1247,Master,590,
Odoryanse,おどりゃんせ,32.3,32,1303,Master,559,
Opera! Space Opera!,オペラ！スペースオペラ！,32.3,APD 31,1403,Append,450,
bug,バグ,32.2,32,1343,Master,248,
Chou Saishuu Kichiku Imouto Flandre S,超最終鬼畜妹フランドール・Ｓ,32.2,32,1270,Master,503,
fixer,フィクサー,32.2,32,1118,Master,183,
Outburst Dreamer Boys,厨病激発ボーイ,32.2,32,1355,Master,581,
bug,バグ,32.2,APD 31,1490,Append,248,
Milk Crown on Sonechka,ミルククラウン・オン・ソーネチカ,32.2,APD 31,1495,Append,107,
Protodisco,プロトディスコ,32.1,32,1057,Master,561,
Silver Collector,シルバーコレクター,32.1,32,1178,Master,496,
Showtime Ruler,ショウタイム・ルーラー,32.1,APD 31,1163,Append,160,
snooze,snooze,32.0,32,1142,Master,554,
Kaiju ni Naritai,怪獣になりたい,32.0,32,1600,Expert,671,
hot wind,熱風,32.0,APD 31,1207,Append,489,
Colorful Marine Snow,君色マリンスノウ,31.9,31+,1415,Master,206,
EGOIST,エゴイスト,31.9,31+,1548,Master,299,
Fräulein=библиотека,フロイライン＝ビブリォチカ,31.9,31+,1456,Master,251,
junky nighttown orchestra,ジャンキーナイトタウンオーケストラ,31.9,31+,1374,Master,84,
SHOW OFF,てらてら,31.9,APD 31,1450,Append,257,
Stella,ステラ,31.9,APD 31,1553,Append,64,
Alter Ego,オルターエゴ,31.8,31+,1557,Master,167,
BAKENOHANA,化けの花,31.8,31+,1003,Master,549,
Chikyuu Saigo no Kokuhaku wo,地球最後の告白を,31.8,31+,1164,Master,154,
Ego rock,エゴロック,31.8,31+,1277,Master,225,
Greenlights Serenade,グリーンライツ・セレナーデ,31.8,31+,1174,Master,46,
Kagerou Daze,カゲロウデイズ,31.8,31+,1404,Master,171,
Law-evading Rock,脱法ロック,31.8,31+,1145,Master,21,
ONLINE GAME ADDICTS SPRECHCHOR,ネトゲ廃人シュプレヒコール,31.8,31+,1463,Master,298,
Positive☆Dance Time,ポジティブ☆ダンスタイム,31.8,31+,1154,Master,122,
Rule Book,ルルブ,31.8,31+,1296,Master,587,
Tokugawa Cupnoodle Prohibition,徳川カップヌードル禁止令,31.8,31+,1241,Master,234,
Zunda Party Night,ずんだパーリナイ,31.8,31+,1522,Master,379,
MACHINEGUN POEM DOLL,マシンガンポエムドール,31.8,31+,1730,Expert,176,
YAMINABE!!!!!,ヤミナベ!!!!,31.8,31+,1539,Expert,329,
Gehenna,ジェヘナ,31.8,APD 31,1633,Append,272,
KLY,一千光年,31.8,APD 31,1496,Append,439,
Senbonzakura,千本桜,31.8,APD 31,1230,Append,110,
Chururira Chururira Daddadda!,チュルリラ・チュルリラ・ダッダッダ！,31.7,31+,1401,Master,88,
Cirno's Perfect Math Academy,チルノのパーフェクトさんすう学園,31.7,31+,1199,Master,624,
Denkoh Sekka,電光刹歌,31.7,31+,1472,Master,685,
Mesmerizer,メズマライザー,31.7,31+,1451,Master,531,
Mr. Showtime,Mr. Showtime,31.7,31+,1497,Master,333,
My love is Hellfire,私の恋はヘルファイア,31.7,31+,1638,Master,301,
syndrome,心泥夢(syndrome),31.7,31+,1383,Master,444,
Tokyo Teddy Bear,東京テディベア,31.7,31+,1449,Master,396,
Touhou☆Wonderland,とうほう☆ワンダーランド,31.7,31+,1086,Master,623,
TRASH and TRASH!,トラッシュ・アンド・トラッシュ！,31.7,31+,1181,Master,335,
Your Adventure Log Has Vanished!,ぼうけんのしょがきえました！,31.7,31+,1092,Master,78,
End Mark ni Kibou to Namida wo soete,エンドマークに希望と涙を添えて,31.7,31+,1553,Expert,162,
Masquerade,Masquerade,31.7,APD 31,1282,Append,746,
D/N/A,D/N/A,31.6,31+,1276,Master,596,
Genten,げんてん,31.6,31+,1138,Master,669,
Happy Halloween,Happy Halloween,31.6,31+,987,Master,172,
Hikyou Sentai Urotander,卑怯戦隊うろたんだー,31.6,31+,1148,Master,661,
I know I know.,I know 愛脳,31.6,31+,1119,Master,504,
imaginary love story,imaginary love story,31.6,31+,1214,Master,420,
Kimagure Mercy,気まぐれメルシィ,31.6,31+,1465,Master,281,
Life Will Change,Life Will Change,31.6,31+,1118,Master,648,
Queen of Hearts,クイーンオブハート,31.6,31+,1212,Master,592,
SEIBAIITAAAAASU!,成敗いたAAAAAす！,31.6,31+,1199,Master,472,
Showtime Ruler,ショウタイム・ルーラー,31.6,31+,1063,Master,160,
The Gardener's Story,庭師のおはなしによると,31.6,31+,1185,Master,633,
The peachy key,ももいろの鍵,31.6,31+,1187,Master,308,
ARE YOU OK?,ダイジョブですか？,31.6,31+,1495,Expert,487,
Bad Apple!! feat.SEKAI,Bad Apple!! feat.SEKAI,31.6,APD 31,1328,Append,501,
Pentatonic,ペンタトニック,31.6,APD 31,1288,Append,585,
Tonal Twinkle Tetrad,世界を照らすテトラッド,31.6,APD 30,1210,Append,411,
Viva Happy,ビバハピ,31.6,APD 31,884,Append,11,
Brain Revolution Girl,脳内革命ガール,31.5,31,1269,Master,344,
Fräulein=Ojousama,フロイライン＝オジョウサマ,31.5,31,1234,Master,714,
HERO,HERO,31.5,31,1278,Master,414,
I am you,Iなんです,31.5,31,1066,Master,304,
Liar Dancer,ライアーダンサー,31.5,31,1224,Master,509,
Medicine,イガク,31.5,31,1226,Master,515,
Music Like Magic!,魔法みたいなミュージック！,31.5,31,1271,Master,317,
OKOCHAMA SENSO,おこちゃま戦争,31.5,31,1394,Master,307,
Play-With-Fire,ヒアソビ,31.5,31,1116,Master,433,
Poppin' Candy☆Fever!,ポッピンキャンディ☆フィーバー！,31.5,31,1323,Master,494,
Rollin Girl,ローリンガール,31.5,31,1396,Master,113,
Unhappy Refrain,アンハッピーリフレイン,31.5,31,1353,Master,288,
Vampire's ∞ pathoS,Vampire's ∞ pathoS,31.5,31,1100,Master,334,
Wanderlast,ワンダーラスト,31.5,31,1577,Master,711,
JINSEI [Our Life],人生,31.5,31,1441,Expert,370,
the EmpErroR,the EmpErroR,31.5,31,1223,Expert,163,
Totemoitai Itagaritai,とても痛い痛がりたい,31.5,APD 30,1226,Append,94,
99 Glooms,99 Glooms,31.4,31,1347,Master,749,
Ángel,アンヘル,31.4,31,1187,Master,562,
Angel's Clover,天使のクローバー,31.4,31,1235,Master,112,
Devil's Manner,悪魔の踊り方,31.4,31,938,Master,133,
Gehenna,ジェヘナ,31.4,31,1253,Master,272,
I Maker!,アイ・メイカー！,31.4,31,1255,Master,741,
Incomplete Anthem,未完成讃歌,31.4,31,1585,Master,254,
Lower one's eyes,ロウワー,31.4,31,850,Master,187,
Nyanyanyanyanyanyanya!,Nyanyanyanyanyanyanya!,31.4,31,1188,Master,713,
Override,オーバーライド,31.4,31,1265,Master,521,
Rocket Cider,ロケットサイダー,31.4,31,1350,Master,665,
shinjinrui,新人類,31.4,31,1298,Master,381,
Soudatta!!,そうだった！！,31.4,31,1297,Master,165,
Teenager's Heartbeat,十六歳の心臓,31.4,31,1470,Master,468,
Theme of Niccori Survey Team,にっこり^^調査隊のテーマ,31.4,31,1195,Master,178,
Tokimeki Jet Coaster,ときめきジェットコースター,31.4,31,1234,Master,428,
We are Different !!! (or Same),ちがう!!!,31.4,31,1074,Master,475,
Hatsune Kyousoukyoku Dai 01-ban 「Suisei」,初音狂奏曲第01番「彗惺」,31.4,31,1581,Expert,755,
Ogyarinizer,おぎゃりないざー,31.4,31,1387,Expert,486,
What's up? Pop!,What's up? Pop!,31.4,31,1804,Expert,315,
Flyway,Flyway,31.4,APD 30,1396,Append,310,
Kugutsu no Utsutsu,傀儡のうつつ,31.4,APD 30,892,Append,735,
All I Need are Things I Like,すきなことだけでいいです,31.3,31,1223,Master,367,
Awaiting Clear Skies,霽れを待つ,31.3,31,1106,Master,97,
Butterfly on Your Right Shoulder,右肩の蝶,31.3,31,1315,Master,177,
Cosmospice,コスモスパイス,31.3,31,1092,Master,233,
limbo,limbo,31.3,31,958,Master,416,
Mahou Shoujo Koufukuron,魔法少女幸福論,31.3,31,1115,Master,715,
Non-breath oblige,ノンブレス・オブリージュ,31.3,31,1203,Master,268,
Suicide Parade,スーサイドパレヱド,31.3,31,1063,Master,606,
Tonal Twinkle Tetrad,世界を照らすテトラッド,31.3,31,1072,Master,411,
Violence Trigger,バイオレンストリガー,31.3,31,1421,Master,703,
Yankee Boy Yankee Girl,ヤンキーボーイ・ヤンキーガール,31.3,31,1087,Master,586,
Lower one's eyes,ロウワー,31.3,APD 30,1045,Append,187,
Regulus,レグルス,31.3,APD 30,1268,Append,423,
Close to gray,限りなく灰色へ,31.2,31,849,Master,90,
KILLER,キラー,31.2,31,1013,Master,474,
kitty,キティ,31.2,31,982,Master,353,
MORE! JUMP! MORE!,モア！ジャンプ！モア！,31.2,31,1257,Master,99,
Parry,パリィ,31.2,31,1024,Master,553,
SAI LOVE JINSEI RUNNER,最愛人生ランナー,31.2,31,1217,Master,689,
JOUOU,嬢王,31.2,31,1266,Expert,465,
Nekuratune Circus,ネクラチューンサーカス,31.2,31,1380,Expert,668,
The Bubble Future,泡沫未来,31.2,APD 30,1070,Append,151,
Abelia,アベリア,31.1,31,1238,Master,677,
Accelerate,アクセラレイト,31.1,31,917,Master,583,
ARQETYPE,ARQETYPE,31.1,31,951,Master,406,
Identity,アイデンティティ,31.1,31,1489,Master,231,
Kuronuri Sekai ate Shokan,黒塗り世界宛て書簡,31.1,31,1201,Master,704,
Kyu-kurarin,きゅうくらりん,31.1,31,1148,Master,361,
Polar Star,Polar Star,31.1,31,1106,Master,610,
Pulse of the Meteor,流星のパルス,31.1,31,1123,Master,173,
0.0000034,0.0000034,31.1,31,1634,Expert,691,
Hollow,虚ろを扇ぐ,31.1,APD 30,1233,Append,280,
Blackjack,Blackjack,31.0,31,1021,Master,542,
Memoria,メモリア,31.0,31,1637,Expert,488,
As You Like It,お気に召すまま,31.0,APD 30,1003,Append,106,
BRING IT ON,劣等上等,31.0,APD 30,939,Append,26,
MORE! JUMP! MORE!,モア！ジャンプ！モア！,31.0,APD 30,1518,Append,99,
Hurray,フレー,30.9,30+,1328,Master,302,
Opera! Space Opera!,オペラ！スペースオペラ！,30.9,30+,1198,Master,450,
Parasol Cider,パラソルサイダー,30.9,30+,880,Master,264,
Salamander,サラマンダー,30.9,30+,1454,Master,230,
Aoku Kakero!,青く駆けろ！,30.9,APD 30,1446,Append,93,
Dramaturgy,ドラマツルギー,30.9,APD 30,931,Append,91,
WAVE,WAVE,30.9,APD 30,1029,Append,522,
Blue Planet,ブループラネット,30.8,30+,1357,Master,357,
BRING IT ON,劣等上等,30.8,30+,952,Master,26,
Disco No.39,Disco No.39,30.8,30+,1115,Master,399,
Goodbye Declaration,グッバイ宣言,30.8,30+,1259,Master,198,
Sick of House!,しっくおぶはうす！,30.8,30+,1313,Master,185,
World Lampshade[reunion],ワールド・ランプシェード [reunion],30.8,30+,1155,Master,534,
World's End Dancehall,ワールズエンド・ダンスホール,30.8,30+,1044,Master,119,
Yobanashi Deceive,夜咄ディセイブ,30.8,30+,1311,Master,81,
Empurple,エンパープル,30.8,APD 30,1126,Append,507,
Samsa,ザムザ,30.8,APD 30,1105,Append,300,
Uka,羽歌,30.8,APD 30,944,Append,740,
BURIKI NO DANCE,ブリキノダンス,30.7,30+,967,Master,38,
Composing the Future,悔やむと書いてミライ,30.7,30+,973,Master,60,
HAVEN,ヘイヴン,30.7,30+,977,Master,508,
Milk Crown on Sonechka,ミルククラウン・オン・ソーネチカ,30.7,30+,1226,Master,107,
NEXT NEST,ネクストネスト,30.7,30+,1131,Master,43,
Singing of a flower,花を唄う,30.7,30+,878,Master,137,
STAGE OF SEKAI,STAGE OF SEKAI,30.7,30+,1156,Master,159,
the WALL,the WALL,30.7,30+,1019,Master,259,
The Intense Voice of Hatsune Miku,初音ミクの激唱,30.7,30+,1520,Expert,131,
Flyer!,Flyer!,30.7,APD 30,1189,Append,182,
Integral,インテグラル,30.7,APD 29,1357,Append,424,
Wah Wah World,ワーワーワールド,30.7,APD 29,1170,Append,77,
Eternal Aria,エターナルアリア,30.6,30+,1364,Master,364,
Glory Steady Go!,Glory Steady Go!,30.6,30+,875,Master,166,
Lavie,ラヴィ,30.6,30+,1281,Master,723,
magic number,magic number,30.6,30+,988,Master,161,
Miracle Paint,ミラクルペイント,30.6,30+,1437,Master,36,
ONESELF,ONESELF,30.6,30+,1163,Master,227,
Shama,紗痲,30.6,30+,1192,Master,620,
SHANTI,シャンティ,30.6,30+,1187,Master,276,
Shoujo A,少女A,30.6,30+,1312,Master,666,
SnowMix♪,SnowMix♪,30.6,30+,1441,Master,327,
Stardust Medley,スターダストメドレー,30.6,30+,1366,Master,380,
Stardust Utopia,星屑ユートピア,30.6,30+,1308,Master,261,
Unknown Mother-Goose,アンノウン・マザーグース,30.6,30+,1292,Master,115,
Ura-Omote Lovers,裏表ラバーズ,30.6,30+,1151,Master,114,
Vocalo-Colosseum,ぼかろころしあむ,30.6,30+,870,Master,692,
Voices,Voices,30.6,30+,1237,Master,236,
DAYBREAK FRONTLINE,DAYBREAK FRONTLINE,30.6,APD 29,1352,Append,253,
Yoidore Shirazu,酔いどれ知らず,30.6,APD 29,1120,Append,441,
All in One,オールイン・ワン,30.5,30,1357,Master,760,
All-Save Challenge,オールセーブチャレンジ,30.5,30,918,Master,538,
Blood Doll,ブラッドドール,30.5,30,1058,Master,656,
Chu! Future☆Express!,,30.5,30,1287,Master,701,
Hated by Life,命に嫌われている,30.5,30,979,Master,22,
Hikari no Atsumekata,ひかりのあつめかた,30.5,30,1127,Master,757,
Kimi ga Tobioriru no Nara,君が飛び降りるのならば,30.5,30,1224,Master,641,
Last Score,ラストスコア,30.5,30,1190,Master,197,
O-Barcode,オーバーコード,30.5,30,1253,Master,446,
Pheles,フェレス,30.5,30,1397,Master,291,
Rainy Snowdrop,レイニースノードロップ,30.5,30,1495,Master,283,
Stella,ステラ,30.5,30,1190,Master,64,
Synthesize You,合成するミライ,30.5,30,1094,Master,512,
TOKIO FUNKA,トキヲ・ファンカ,30.5,APD 29,997,Append,150,
YY,YY,30.5,APD 29,1249,Append,266,
Attract Light,アトラクトライト,30.4,30,1455,Master,321,
Envy Cat Walk,エンヴィキャットウォーク,30.4,30,1222,Master,595,
"Help me, ERINNNNNN!!","Help me, ERINNNNNN!!",30.4,30,1318,Master,502,
Jet Black,ジェットブラック,30.4,30,1337,Master,687,
Lose The Princess,さよならプリンセス,30.4,30,1131,Master,413,
Lost Umbrella,ロストアンブレラ,30.4,30,926,Master,551,
Pentatonic,ペンタトニック,30.4,30,1103,Master,585,
RAD DOGS,RAD DOGS,30.4,30,1197,Master,101,
Raspberry＊Monster,ラズベリー＊モンスター,30.4,30,1410,Master,705,
Saitama 2000,さいたま2000,30.4,30,1021,Master,707,
Secret Seeker,シークレット・シーカー,30.4,30,1019,Master,569,
T-shi no Hanashi wo Shinjiru na,T氏の話を信じるな,30.4,30,1089,Master,727,
Tensai Rock,天才ロック,30.4,30,1327,Master,631,
Don't Fight The Music,Don't Fight The Music,30.4,30,1545,Expert,164,
THE END OF HATSUNE MIKU,初音ミクの消失,30.4,30,1502,Expert,49,
Cinema,シネマ,30.4,APD 29,992,Append,126,
Ifuudoudou,威風堂々,30.4,APD 29,1269,Append,95,
Antenna 39,アンテナ39,30.3,30,1039,Master,525,
Artifact,,30.3,30,1139,Master,694,
Calc.,Calc.,30.3,30,1295,Master,243,
Dance Robot Dance,ダンスロボットダンス,30.3,30,1057,Master,68,
DarlingDance,ダーリンダンス,30.3,30,912,Master,168,
Decade,Decade,30.3,30,1057,Master,319,
"E? Ah,sou.",え？あぁ、そう。,30.3,30,1028,Master,437,
Eien Hanahadashii,永遠甚だしい,30.3,30,1116,Master,706,
Fish and Tips,フィッシュアンドTips,30.3,30,1052,Master,626,
Fusion,フュージョン,30.3,30,1184,Master,555,
Hikaku Shoukougun,比較症候群,30.3,30,1125,Master,712,
Hitomania,人マニア,30.3,30,1049,Master,664,
Kareshi no Jude,カレシのジュード,30.3,30,1271,Master,652,
KLY,一千光年,30.3,30,1141,Master,439,
Konton Boogie,混沌ブギ,30.3,30,1189,Master,499,
Masquerade,Masquerade,30.3,30,1015,Master,746,
METEOR,METEOR,30.3,30,1323,Master,337,
mousou aspartame,妄想アスパルテーム,30.3,30,1134,Master,544,
Panda Hero,パンダヒーロー,30.3,30,1003,Master,566,
Ruma,ルマ,30.3,30,1143,Master,601,
Selfish princess,我儘姫,30.3,30,1188,Master,376,
SHOW OFF,てらてら,30.3,30,1262,Master,257,
Showtime×Audience,ショウタイム×オーディエンス,30.3,30,1220,Master,440,
SlowDowner,スロウダウナー,30.3,30,1418,Master,378,
Star of Heaven,みかぼし,30.3,30,1114,Master,518,
Starry Melancolia,星宙メランコリア,30.3,30,1166,Master,608,
The Bubble Future,泡沫未来,30.3,30,903,Master,151,
Happy Synthesizer,ハッピーシンセサイザ,30.3,APD 29,1205,Append,10,
hug,はぐ,30.3,APD 29,983,Append,429,
TETORIS,テトリス,30.3,APD 29,938,Append,627,
Achikochi Date-san,あちこちデートさん,30.2,30,829,Master,516,
Alkali Rettousei,アルカリレットウセイ,30.2,30,1211,Master,726,
Cute Na Kanojo,キュートなカノジョ,30.2,30,1208,Master,391,
CYBER PUNK DEAD BOY,サイバーパンクデッドボーイ,30.2,30,1014,Master,452,
Daidaidaidaidai Kirai,ダイダイダイダイダイキライ,30.2,30,875,Master,722,
Doukaai,導火愛,30.2,30,963,Master,737,
Explore,エクスプロウル,30.2,30,1102,Master,636,
Into The Night,夜に駆ける,30.2,30,1140,Master,139,
KING,KING,30.2,30,1251,Master,138,
M@GICAL☆CURE! LOVE ♥ SHOT!,M@GICAL☆CURE! LOVE ♥ SHOT!,30.2,30,1215,Master,552,
MATORYOSHKA,マトリョシカ,30.2,30,1104,Master,221,
Pamela,パメラ,30.2,30,1039,Master,653,
Piano × Forte × Scandal,ピアノ×フォルテ×スキャンダル,30.2,30,1142,Master,222,
Relayouter,リレイアウター,30.2,30,1203,Master,435,
Rin-chan Now!,リンちゃんなう！,30.2,30,1409,Master,303,
Samsa,ザムザ,30.2,30,937,Master,300,
SHIAWASE FOR YOU!,SHIAWASE FOR YOU!,30.2,30,961,Master,719,
"Still, we never stop singing",それでも僕らは歌うことをやめない,30.2,30,814,Master,524,
Teammates,チームメイト,30.2,30,1090,Master,374,
Tokyo Summer Session,東京サマーセッション,30.2,30,1073,Master,621,
Transparent Elegy,透明エレジー,30.2,30,1058,Master,520,
White Happy,ホワイトハッピー,30.2,30,1044,Master,651,
folern,folern,30.2,30,1392,Expert,447,
Kusare-gedou and Chocolate,腐れ外道とチョコレゐト,30.2,30,1396,Expert,250,
Beyond the way,Beyond the way,30.2,APD 29,1017,Append,398,
Coral,箱庭のコラル,30.2,APD 29,1220,Append,324,
Gimme more!,Gimme more!,30.2,30,1183,Append,756,
IF,イフ,30.2,APD 29,1270,Append,211,
Awake Now,Awake Now,30.1,30,884,Master,244,
"Can't Defeat ""Take No Notice Boys""",難聴系男子が倒せない,30.1,30,1234,Master,341,
Cat Loving,キャットラビング,30.1,30,1053,Master,491,
Dameningenda!,だめにんげんだ!,30.1,30,976,Master,482,
i DO what i WANT,,30.1,30,948,Master,657,
Imasugu Rinne,いますぐ輪廻,30.1,30,940,Master,733,
"Maku o Orosou, Parade e",幕を下ろそう、パレードへ,30.1,30,875,Master,718,
NAKAKAPAGPABAGABAG,,30.1,30,1124,Master,563,
Retainer Supplanting His Lord,下剋上,30.1,30,1245,Master,373,
Sayonara Tengoku Mata Kite Jigoku,サヨナラ天国また来て地獄,30.1,30,864,Master,649,
spring storm,春嵐,30.1,30,1184,Master,392,
The Vampire,ヴァンパイア,30.1,30,1299,Master,213,
Venus,ヴィーナス,30.1,30,1266,Master,663,
Yuugen no Ran,幽玄ノ乱,30.1,30,1354,Expert,708,
ECHO,ECHO,30.1,APD 29,1102,Append,100,
Gunjo Sanka,群青讃歌,30.1,APD 29,1254,Append,141,
MOTTO!!!,MOTTO!!!,30.1,APD 29,1225,Append,405,
Mahou Shoujo to Chocolate,魔法少女とチョコレゐト,30.0,30,930,Master,700,
Mischievous Function,おちゃめ機能,30.0,30,1171,Master,480,
Noda,のだ,30.0,30,927,Master,558,
Waraetara Ee Yan!,笑えたらえーやん！,30.0,30,1090,Master,637,
MarbleBlue.,MarbleBlue.,30.0,30,1437,Expert,449,
Awake Now,Awake Now,30.0,APD 29,1049,Append,244,
Worldwide Wander,ワールドワイドワンダー,30.0,APD 29,817,Append,193,
"Ah, It's A Wonderful Cat Life",嗚呼、素晴らしきニャン生,29.9,29+,1374,Master,346,
Good Weather,快晴,29.9,29+,1533,Master,323,
Lost and Found,ロストエンファウンド,29.9,29+,1271,Master,226,
Night Sky Patrol of Tomorrow,アスノヨゾラ哨戒班,29.9,29+,1208,Master,18,
Red Land Marker,レッドランドマーカー,29.9,29+,1105,Master,462,
YY,YY,29.9,29+,1175,Master,266,
Mikumiku Ni Shiteageru [Shiteyanyo],みくみくにしてあげる♪【してやんよ】,29.9,APD 29,1039,Append,124,
Sympathy,Sympathy,29.9,APD 29,1043,Append,605,
88☆彡,88☆彡,29.8,29+,1188,Master,224,
Bocca della Verità,ボッカデラベリタ,29.8,29+,1119,Master,125,
I want to be your heart,だれかの心臓になれたなら,29.8,29+,1044,Master,152,
Jack Pot Sad Girl,ジャックポットサッドガール,29.8,29+,767,Master,62,
PaⅢ.SENSATION,PaⅢ.SENSATION,29.8,29+,1244,Master,195,
Snowman,スノーマン,29.8,29+,1243,Master,343,
The Snow White Princess is...,白い雪のプリンセスは,29.8,29+,1478,Master,355,
Sekai-Chan and Kafu-Chan's Otsukai Gassoukyoku,星界ちゃんと可不ちゃんのおつかい合騒曲,29.8,29+,1491,Expert,328,
Six Trillion Years and Overnight Story,六兆年と一夜物語,29.8,29+,1099,Expert,135,
Amanojaku,天ノ弱,29.7,29+,1131,Master,289,
As You Like It,お気に召すまま,29.7,29+,988,Master,106,
AttaKAITO,あったかいと,29.7,29+,1376,Master,271,
Be The MUSIC!,Be The MUSIC!,29.7,29+,1247,Master,336,
DONUT HOLE 2024,ドーナツホール 2024,29.7,29+,1328,Master,220,
drop pop candy,drop pop candy,29.7,29+,902,Master,15,
filament fever,フィラメントフィーバー,29.7,29+,952,Master,397,
Hello Builder,Hello Builder,29.7,29+,997,Master,387,
I'm Mine,アイムマイン,29.7,29+,1189,Master,368,
Literary nonsense,ノンセンス文学,29.7,29+,1180,Master,158,
Marionette Dancer,マリオネットダンサー,29.7,29+,1030,Master,639,
Musunde Hiraite Rasetsu To Mukuro,結ンデ開イテ羅刹ト骸,29.7,29+,903,Master,567,
NIJIIRO STORIES,ニジイロストーリーズ,29.7,29+,1054,Master,103,
phony,フォニイ,29.7,29+,1244,Master,277,
SToRY,SToRY,29.7,29+,784,Master,574,
Tengaku,天樂,29.7,29+,1554,Master,372,
ROKI,ロキ,29.7,APD 28,1040,Append,2,
Alien Alien,エイリアンエイリアン,29.6,29+,1361,Master,246,
Bad ∞ End ∞ Night,Bad ∞ End ∞ Night,29.6,29+,1018,Master,278,
Bad Apple!! feat.SEKAI,Bad Apple!! feat.SEKAI,29.6,29+,1181,Master,501,
Bless Your Breath,ブレス・ユア・ブレス,29.6,29+,873,Master,72,
Booo!,Booo!,29.6,29+,860,Master,320,
Call Boy,コールボーイ,29.6,29+,836,Master,505,
Cendrillon 10th Anniversary,サンドリヨン 10th Anniversary,29.6,29+,913,Master,104,
Cinema,シネマ,29.6,29+,800,Master,126,
Cutlery,カトラリー,29.6,29+,806,Master,111,
DAYBREAK FRONTLINE,DAYBREAK FRONTLINE,29.6,29+,1179,Master,253,
Do not go,いかないで,29.6,29+,1173,Master,120,
FAILURE GIRL,失敗作少女,29.6,29+,986,Master,510,
Gimme×Gimme,Gimme×Gimme,29.6,29+,907,Master,83,
God-ish,神っぽいな,29.6,29+,1162,Master,385,
"Hello,world!","Hello,world!",29.6,29+,949,Master,184,
Henceforth,Henceforth,29.6,29+,1057,Master,484,
Hoshizora Orchestra,星空オーケストラ,29.6,29+,1159,Master,282,
Kibou no tsuki,幾望の月,29.6,29+,998,Master,456,
merry-go-round,メリーゴーラウンド,29.6,29+,1024,Master,517,
Mozaik Role (Reloaded),モザイクロール (Reloaded),29.6,29+,876,Master,477,
Namo Naki Kakumei,名も無き革命,29.6,29+,1099,Master,359,
needLe,needLe,29.6,29+,1029,Master,63,
ODDS＆ENDS,ODDS＆ENDS,29.6,29+,921,Master,117,
Odo,踊,29.6,29+,1083,Master,205,
QUEEN,QUEEN,29.6,29+,1385,Master,506,
ROKI,ロキ,29.6,29+,975,Master,2,
Shuuen Touhikou,終焉逃避行,29.6,29+,816,Master,547,
Sono Oto ga Narunara,その音が鳴るなら,29.6,29+,958,Master,546,
Venom,ベノム,29.6,29+,1138,Master,145,
villain,ヴィラン,29.6,29+,1154,Master,170,
Yoshiwara Lament second edition,吉原ラメント 再来盤,29.6,29+,1108,Master,591,
「１」,「１」,29.6,APD 28,1001,Append,132,
AI,アイ,29.5,29,959,Master,616,
Becoming Potatoes,potatoになっていく,29.5,29,863,Master,52,
Cantarella,カンタレラ,29.5,29,1063,Master,296,
"Even so, It's OK",それでもいいんだよ,29.5,29,1009,Master,274,
Fire◎Flower (Rerec),Fire◎Flower (Rerec),29.5,29,863,Master,536,
HANAOBORE,花溺れ,29.5,29,895,Master,557,
Journey,Journey,29.5,29,1322,Master,235,
Kiss the Villain,悪役にキスシーンを,29.5,29,1188,Master,377,
Kugutsu no Utsutsu,傀儡のうつつ,29.5,29,888,Master,735,
lily-lala,リリィララ,29.5,29,903,Master,655,
Main Character,メインキャラクター,29.5,29,1043,Master,541,
Marshmary,マシュマリー,29.5,29,1303,Master,157,
Moonlight,月光,29.5,29,1159,Master,239,
Regulus,レグルス,29.5,29,1014,Master,423,
Transparent Palette,透明なパレット,29.5,29,1027,Master,646,
Birthright Syndrome,生命性シンドロウム,29.5,29,1299,Expert,543,
Charles,シャルル,29.5,APD 28,1000,Append,19,
Our True Story,ありのままのストーリーを,29.5,APD 28,1178,Append,635,
(Not) A Devil,デビルじゃないもん,29.4,29,879,Master,412,
AI no UTA,あいのうた,29.4,29,1064,Master,467,
At God's Mercy,神のまにまに,29.4,29,1111,Master,201,
Cellphone Love Story,携帯恋話,29.4,29,1131,Master,61,
Colorful Foundation,カラフルファンデーション,29.4,29,1091,Master,683,
DREAM PLACE,DREAM PLACE,29.4,29,1172,Master,252,
Hanamusubi,花結び,29.4,29,1106,Master,695,
Hao,ハオ,29.4,29,1202,Master,724,
KISARAGI ATTENTION,如月アテンション,29.4,29,1155,Master,511,
Kusari no Shoujo -Re Alive-,鎖の少女-Re Alive-,29.4,29,1029,Master,698,
Leia - Remind,Leia - Remind,29.4,29,1155,Master,85,
Melt,メルト,29.4,29,1586,Master,47,
Monitoring,モニタリング,29.4,29,973,Master,628,
Propose,プロポーズ,29.4,29,1116,Master,734,
Ready Steady,Ready Steady,29.4,29,667,Master,54,
Realize,リアライズ,29.4,29,851,Master,356,
Shinkai City Underground,深海シティアンダーグラウンド,29.4,29,1162,Master,645,
Super Hero,スーパーヒーロー,29.4,29,909,Master,495,
The World Hasn't Even Started Yet,セカイはまだ始まってすらいない,29.4,29,1027,Master,51,
This Messed Up Wonderful World Exists For Me,このふざけた素晴らしき世界は、僕の為にある,29.4,29,1093,Master,625,
ANiMA,ANiMA,29.4,29,1059,Expert,745,
Fragile,フラジール,29.4,APD 28,999,Append,69,
39,39,29.3,29,1339,Master,331,
"*Hello, Planet",＊ハロー、プラネット。,29.3,29,1076,Master,118,
"A Glimmer, 1/f fluctuation",幽光、1/fのゆらめき,29.3,29,877,Master,427,
About me,About me,29.3,29,1011,Master,643,
Anata Shika Mienai no,あなたしか見えないの,29.3,29,972,Master,682,
Aun no Beats,阿吽のビーツ,29.3,29,918,Master,245,
Dramaturgy,ドラマツルギー,29.3,29,862,Master,91,
Flyer!,Flyer!,29.3,29,1083,Master,182,
FUEL,フューエル,29.3,29,930,Master,478,
FUN!!,FUN!!,29.3,29,744,Master,575,
Hashiru! Tooku! Todoku!,はしる! とおく! とどく!,29.3,29,957,Master,498,
Hikari,光,29.3,29,853,Master,754,
hot wind,熱風,29.3,29,925,Master,489,
It was a very nice June,とても素敵な六月でした,29.3,29,1491,Master,340,
Kuu Ni Naru,くうになる,29.3,29,945,Master,417,
Love Ka?,ラブカ？,29.3,29,878,Master,260,
Love! Snow! Really Magic,好き！雪！本気マジック,29.3,29,1060,Master,611,
Luka Luka★Night Fever,ルカルカ★ナイトフィーバー,29.3,29,1311,Master,216,
Miku,Miku,29.3,29,1106,Master,153,
Mx.Nihil,虚無さん,29.3,29,899,Master,540,
Nisemono Ningen 40-gou,偽物人間40号,29.3,29,823,Master,571,
p.h.,p.h.,29.3,29,872,Master,297,
Reincarnation Apple,転生林檎,29.3,29,879,Master,533,
Star Night Snow,スターナイトスノウ,29.3,29,914,Master,614,
Telecaster b boy,テレキャスタービーボーイ,29.3,29,898,Master,134,
The World is Mine,ワールドイズマイン,29.3,29,1417,Master,48,
Touka Suru Ondo,透過する温度,29.3,29,754,Master,716,
Wah Wah World,ワーワーワールド,29.3,29,960,Master,77,
Beat Eater,Beat Eater,29.3,APD 28,852,Append,156,
Double Lariat,ダブルラリアット,29.3,APD 28,1207,Append,256,
SEKAI,セカイ,29.3,APD 28,945,Append,76,
Balleriko,バレリーコ,29.2,29,1115,Master,589,
Beat Eater,Beat Eater,29.2,29,798,Master,156,
Blue Star,Blue Star,29.2,29,1163,Master,342,
CRASH THE PARTY,CRASH THE PARTY,29.2,29,1135,Master,679,
Dream Kiss,ドリーム・キス,29.2,29,795,Master,696,
Empurple,エンパープル,29.2,29,877,Master,507,
erase or zero,erase or zero,29.2,29,991,Master,693,
Evil Food Eater Conchita,悪食娘コンチータ,29.2,29,851,Master,349,
EYELID,アイリッド,29.2,29,960,Master,560,
Fire Dance,ファイアダンス,29.2,29,680,Master,576,
Flyway,Flyway,29.2,29,1088,Master,310,
Karma,,29.2,29,1015,Master,599,
manimani,まにまに,29.2,29,1014,Master,401,
Musekinin Shuugoutai,㋰責任集合体,29.2,29,937,Master,667,
Nostalogic,Nostalogic,29.2,29,985,Master,13,
Odorobo,おどロボ,29.2,29,1339,Master,461,
Remote Control,リモコン,29.2,29,1206,Master,146,
Star,スター,29.2,29,889,Master,570,
Surges,Surges,29.2,29,1043,Master,632,
Thousand Little Voices,,29.2,29,1072,Master,528,
Tobidase! Wandapyoi,とびだせ！わんだぴょい,29.2,29,1064,Master,660,
Viva Happy,ビバハピ,29.2,29,722,Master,11,
When First Love Ends,初めての恋が終わる時,29.2,29,995,Master,407,
THE END OF HATSUNE MIKU -Gekijouban-,初音ミクの消失−劇場版−,29.2,29,918,Expert,709,
Hand in Hand,Hand in Hand,29.2,APD 28,1020,Append,44,
A Word,アコトバ,29.1,29,857,Master,483,
Electric Angel,えれくとりっく・えんじぇぅ,29.1,29,1176,Master,454,
FAKE HEART,,29.1,29,918,Master,514,
FREELY TOMORROW,FREELY TOMORROW,29.1,29,1121,Master,313,
How-to Sekai Seifuku,ハウトゥー世界征服,29.1,29,935,Master,672,
hug,はぐ,29.1,29,983,Master,429,
"Kaben, Sore ni Matsuwaru Onsei",花弁、それにまつわる音声,29.1,29,952,Master,638,
MikuFiesta,,29.1,29,1002,Master,479,
Newly Edgy Idols,アイドル新鋭隊,29.1,29,940,Master,57,
Rain and Petra,雨とペトラ,29.1,29,1206,Master,210,
TETORIS,テトリス,29.1,29,814,Master,627,
Wakusei Loop,惑星ループ,29.1,29,1018,Master,690,
Sage,Sage,29.1,29,1259,Expert,448,
Heart Forecast,心予報,29.1,APD 28,1318,Append,188,
Wakusei Loop,惑星ループ,29.1,APD 28,1171,Append,690,
Aria,アリア,29.0,29,627,Master,720,
Cool Me Down,Cool Me Down,29.0,29,1250,Master,425,
Just 1dB Louder,,29.0,29,792,Master,568,
Marshall Maximizer,マーシャル・マキシマイザー,29.0,29,895,Master,410,
NEO,NEO,29.0,29,988,Master,366,
Osmanthus,金木犀,29.0,29,899,Master,418,
Ramune,ラムネ,29.0,29,1018,Master,702,
sweety glitch,,29.0,29,1063,Master,371,
UNDERWATER,UNDERWATER,29.0,29,1062,Master,363,
Kashika,仮死化,29.0,APD 28,1328,Append,267,
Imperial Girl,帝国少女,28.9,28+,1178,Master,262,
Irony,アイロニ,28.9,28+,943,Master,293,
kokoro,ココロ,28.9,28+,1090,Master,312,
My Palette is Full of You,パレットには君がいっぱい,28.9,28+,966,Master,214,
Tenshi no Tsubasa。,天使の翼。,28.9,28+,1340,Master,326,
Brand New Day,Brand New Day,28.9,28+,1260,Expert,128,
Hatsune Creation Myth,初音天地開闢神話,28.9,28+,1581,Expert,186,
KING,KING,28.9,APD 28,1388,Append,138,
Forward,Forward,28.8,28+,895,Master,55,
Heart Forecast,心予報,28.8,28+,1060,Master,188,
Supernova,Supernova,28.8,28+,890,Master,457,
Totemoitai Itagaritai,とても痛い痛がりたい,28.8,28+,915,Master,94,
Traffic jam,トラフィック・ジャム,28.8,28+,1089,Master,143,
We are the Stain Busters!,我らステインバスターズ！,28.8,28+,810,Master,400,
Bokuno Kamisama,ぼくのかみさま,28.8,APD 27,989,Append,548,
Twilight Light,トワイライトライト,28.8,APD 27,754,Append,384,
1925,1925,28.7,28+,1117,Master,306,
Cat Food,キャットフード,28.7,28+,1107,Master,530,
Color of Drops,Color of Drops,28.7,28+,918,Master,89,
Dance orchestra,踊れオーケストラ,28.7,28+,1068,Master,240,
Fragile,フラジール,28.7,28+,1040,Master,69,
"Hello, SEKAI",ハローセカイ,28.7,28+,759,Master,578,
Hibikase,ヒビカセ,28.7,28+,1019,Master,109,
It's just life,命ばっかり,28.7,28+,1092,Master,352,
"Love Me, Love Me, Love Me",愛して愛して愛して,28.7,28+,1173,Master,181,
Mind Brand,マインドブランド,28.7,28+,764,Master,473,
Otome Dissection,乙女解剖,28.7,28+,1002,Master,92,
Un-Lock,Un-Lock,28.7,28+,1096,Master,393,
Weigh anchor,抜錨,28.7,28+,954,Master,458,
Yuke,征け,28.7,28+,825,Master,600,
Hoshi wo Tsunagu,星を繋ぐ,28.7,APD 27,1035,Append,375,
Airhead,ガランド,28.6,28+,943,Master,200,
Call!!,Call!!,28.6,28+,765,Master,594,
Can't Make A Song!!,,28.6,28+,1105,Master,459,
Hidamari no Setsuna,陽だまりのセツナ,28.6,28+,1105,Master,314,
Ifuudoudou,威風堂々,28.6,28+,1166,Master,95,
Judas,ジウダス,28.6,28+,898,Master,215,
Kono Manma de Ikou,このまんまでいこう,28.6,28+,941,Master,642,
Koufukukei,幸福刑,28.6,28+,907,Master,630,
One Sheep,ひつじがいっぴき,28.6,28+,1305,Master,316,
Peaky Peaky,Peaky Peaky,28.6,28+,855,Master,207,
purpose,purpose,28.6,28+,812,Master,383,
TOKIO FUNKA,トキヲ・ファンカ,28.6,28+,859,Master,150,
Tricologe,トリコロージュ,28.6,28+,999,Master,203,
WAVE,WAVE,28.6,28+,837,Master,522,
ÅMARA(The Great Intelligence),ÅMARA(大未来電脳),28.6,28+,1342,Expert,285,
Our 16bit Wars,ぼくらの16bit戦争,28.6,28+,1379,Expert,249,
Supernova,Supernova,28.6,APD 27,1016,Append,457,
Becoming Pigs Yeah Yeah,豚になってyeah yeah,28.5,28,778,Master,325,
CRAZY,CR詠ZY,28.5,28,728,Master,421,
Dear,Dear,28.5,28,1233,Master,390,
Dreamer's Beat,ドリーマーズビート,28.5,28,772,Master,743,
Getting Faster and Faster,だんだん早くなる,28.5,28,918,Master,485,
Happy Synthesizer,ハッピーシンセサイザ,28.5,28,1136,Master,10,
Hedgehog,ヘッジホッグ,28.5,28,1133,Master,710,
JUMPIN' OVER !,JUMPIN’ OVER !,28.5,28,863,Master,422,
Last of Me,,28.5,28,1191,Master,598,
MONSTER,,28.5,28,1046,Master,640,
Natsuyo No Uta,夏夜ノ唄,28.5,28,787,Master,519,
Shinpaku Pairing,心拍ペアリング,28.5,28,696,Master,382,
Smile Symphony,スマイル*シンフォニー,28.5,28,667,Master,577,
Summertime Record,サマータイムレコード,28.5,28,1404,Master,395,
Tale of the Deep-sea Lily,ウミユリ海底譚,28.5,28,833,Master,75,
The Transient Apple Salesgirl,林檎売りの泡沫少女,28.5,28,1048,Master,443,
This is the Happiness and Peace of Mind Committee,こちら、幸福安心委員会です。,28.5,28,1096,Master,279,
Usseewa,うっせえわ,28.5,28,1302,Master,204,
Worldwide Wander,ワールドワイドワンダー,28.5,28,785,Master,193,
yomosugara kimi omou,夜もすがら君想ふ,28.5,28,1190,Master,255,
HIBANA -Reloaded-,ヒバナ -Reloaded-,28.5,28,808,Expert,6,
Shoujo Rei,少女レイ,28.5,APD 27,1300,Append,169,
"""Hmm,Ah,Ah.""",んっあっあっ。,28.4,28,1071,Master,430,
Anti you,アンチユー,28.4,28,820,Master,582,
Before the Snow Melts.,雪がとける前に,28.4,28,773,Master,613,
Bokuno Kamisama,ぼくのかみさま,28.4,28,876,Master,548,
Bottle Cake,ボトルケーキ,28.4,28,759,Master,394,
IDSMILE,アイディスマイル,28.4,28,1247,Master,116,
Integral,インテグラル,28.4,28,868,Master,424,
Kashika,仮死化,28.4,28,1186,Master,267,
Kosho Yashiki Satsujin Jiken,古書屋敷殺人事件,28.4,28,974,Master,436,
Love Trial,恋愛裁判,28.4,28,1149,Master,87,
Mikumiku Ni Shiteageru [Shiteyanyo],みくみくにしてあげる♪【してやんよ】,28.4,28,939,Master,124,
New Worlds,,28.4,28,1201,Master,673,
Romeo & Cinderella,ロミオとシンデレラ,28.4,28,1035,Master,121,
Round off the Square Earth,四角い地球を丸くする,28.4,28,1097,Master,615,
Rumor,ルーマー,28.4,28,1015,Master,490,
Saika,Saika,28.4,28,987,Master,748,
The Future of Beginning,はじまりの未来,28.4,28,1111,Master,573,
Unpoison,Unpoison,28.4,28,897,Master,527,
We're Still Underground,僕らまだアンダーグラウンド,28.4,28,1035,Master,208,
Yoidore Shirazu,酔いどれ知らず,28.4,28,1048,Master,441,
Denkoh Sekka,電光刹歌,28.4,28,1086,Expert,685,
Haikei Doppelganger,拝啓ドッペルゲンガー,28.4,28,1368,Expert,175,
I'm Mine,アイムマイン,28.4,APD 26,1245,Append,368,
The Vampire,ヴァンパイア,28.4,APD 27,1433,Append,213,
39Music!,39みゅーじっく！,28.3,28,1039,Master,45,
Ano Natsu ga Houwa Suru.,あの夏が飽和する。,28.3,28,789,Master,650,
Beyond the way,Beyond the way,28.3,28,900,Master,398,
CH4NGE,CH4NGE,28.3,28,1101,Master,513,
Change me,Change me,28.3,28,1247,Master,265,
Clear and Serene,明鏡止水,28.3,28,938,Master,481,
culture,カルチャ,28.3,28,1037,Master,529,
DOKUZU,ド屑,28.3,28,817,Master,455,
Gimme more!,Gimme more!,28.3,28,834,Master,756,
Hoshi ni Ichiban Chikai Basho,星に一番近い場所,28.3,28,1073,Master,681,
Kindokei,金時計,28.3,28,830,Master,678,
Kyo-Fu All Back,強風オールバック,28.3,28,955,Master,432,
LEADER,LEADER,28.3,28,940,Master,460,
Mirai,ミライ,28.3,28,1281,Master,180,
Pure Summer,夏に透明,28.3,28,788,Master,565,
Solar System Disco,太陽系デスコ,28.3,28,1188,Master,360,
Step for a Crescent,三日月ステップ,28.3,28,969,Master,580,
The Tailor of Enbizaka,円尾坂の仕立屋,28.3,28,1007,Master,347,
Uka,羽歌,28.3,28,859,Master,740,
ULTRA C,ULTRA C,28.3,28,769,Master,471,
Waltz of the Deceased,去り人達のワルツ,28.3,28,798,Master,192,
Chou Saishuu Kichiku Imouto Flandre S,超最終鬼畜妹フランドール・Ｓ,28.3,28,1175,Expert,503,
Colorful Marine Snow,君色マリンスノウ,28.3,28,1339,Expert,206,
TREASURE GARDEN,トレジャーガーデン,28.3,28,1381,Expert,686,
Goodbye Declaration,グッバイ宣言,28.3,APD 27,1233,Append,198,
8.32,8.32,28.2,28,832,Master,629,
"1, 2, FanClub",いーあるふぁんくらぶ,28.2,28,1002,Master,174,
ELECTRIC WEEKEND ZONE,,28.2,28,957,Master,602,
Envy Baby,エンヴィーベイビー,28.2,28,1251,Master,402,
Fighter,ファイター,28.2,28,826,Master,684,
From Tokyo,フロムトーキョー,28.2,28,814,Master,130,
Hand in Hand,Hand in Hand,28.2,28,1072,Master,44,
"Hello, Worker","Hello, Worker",28.2,28,918,Master,286,
Jougen no Tsuki,上弦の月,28.2,28,791,Master,658,
Just Be Friends,Just Be Friends,28.2,28,989,Master,27,
Kyou mo harebare,きょうもハレバレ,28.2,28,1033,Master,493,
Lucky☆Orb,ラッキー☆オーブ,28.2,28,919,Master,415,
once upon a dream,ワンスアポンアドリーム,28.2,28,871,Master,105,
Our True Story,ありのままのストーリーを,28.2,28,938,Master,635,
paradichlorobenzene,パラジクロロベンゼン,28.2,28,1063,Master,275,
Patchwork Staccato,ツギハギスタッカート,28.2,28,861,Master,71,
Q,Q,28.2,28,998,Master,202,
Resonance Between You and Me.,きみとぼくのいレゾナンス,28.2,28,1115,Master,523,
Sekai no Arukikata,世界の歩き方,28.2,28,780,Master,739,
TEARS OF GARNET,ガーネットの涙,28.2,28,904,Master,466,
Twilight Melody,Twilight Melody,28.2,28,1128,Master,445,
Uninterrupted Indigo,絶え間なく藍色,28.2,28,1089,Master,322,
Voice of The Beam,光線歌,28.2,28,889,Master,634,
IMAWANOKIWA,IMAWANOKIWA,28.2,28,1256,Expert,584,
Internet Junk Junkie,Internet Junk Junkie,28.2,28,1105,Expert,697,
Invisible,インビジブル,28.2,28,1385,Expert,284,
Planet Hero,プラネットヒーロー,28.2,28,1128,Expert,588,
Tenran no Ice Heaven,天藍のアイスヘヴン,28.2,28,1228,Expert,732,
Tokyo Teddy Bear,東京テディベア,28.2,28,1172,Expert,396,
Do not go,いかないで,28.2,APD 27,1212,Append,120,
Kokuhaku,告白,28.2,APD 27,729,Append,662,
Charles,シャルル,28.1,28,824,Master,19,
Hananikaze,花に風,28.1,28,960,Master,537,
Hide and Seek,ハイドアンド・シーク,28.1,28,898,Master,438,
Highlight,Highlight,28.1,28,690,Master,263,
Hoshi wo Tsunagu,星を繋ぐ,28.1,28,821,Master,375,
Judgement of Corruption,悪徳のジャッジメント,28.1,28,983,Master,348,
Lustrous,ラストラス,28.1,28,1331,Master,654,
saihate,サイハテ,28.1,28,999,Master,556,
Snow Fairy Story,Snow Fairy Story,28.1,28,902,Master,612,
STROBE LAST,ストロボラスト,28.1,28,866,Master,305,
Sympathy,Sympathy,28.1,28,860,Master,605,
Wonder Style,Wonder Style,28.1,28,1013,Master,362,
Worlders,Worlders,28.1,28,1060,Master,579,
Brain Fluid Explosion Girl,脳漿炸裂ガール,28.1,28,1349,Expert,229,
SANchi Chokusou,SAN値直葬,28.1,28,1365,Expert,647,
Engeki,演劇,28.0,28,984,Master,345,
I'm the Rain,私は雨,28.0,28,918,Master,492,
living millennium,1000年生きてる,28.0,28,757,Master,434,
kitty,キティ,28.0,28,982,Expert,353,
M@GICAL☆CURE! LOVE ♥ SHOT!,M@GICAL☆CURE! LOVE ♥ SHOT!,28.0,28,980,Expert,552,
39Music!,39みゅーじっく！,28.0,APD 27,1039,Append,45,
once upon a dream,ワンスアポンアドリーム,28.0,APD 28,1054,Append,105,
Ghost City Tokyo,幽霊東京,27.9,27+,1053,Master,102,
icedrop,アイスドロップ,27.9,27+,802,Master,140,
Color of Drops,Color of Drops,27.9,APD 26,1028,Append,89,
Roshin Yuukai (meltdown),炉心融解,27.8,27+,1167,Master,179,
SEKAI,セカイ,27.8,27+,858,Master,76,
Sweet Magic,スイートマジック,27.8,27+,1224,Master,41,
Aoku Kakero!,青く駆けろ！,27.7,27+,1048,Master,93,
Because You're Here,愛されなくても君がいる,27.7,27+,1075,Master,108,
dreamin chuchu,どりーみんチュチュ,27.7,27+,1074,Master,123,
Melty Land Nightmare,メルティランドナイトメア,27.7,27+,959,Master,70,
Shinkai Shoujo,深海少女,27.7,27+,994,Master,258,
Time Machine,タイムマシン,27.7,27+,903,Master,8,
TSUGAIKOGARASHI,番凩,27.7,27+,892,Master,403,
"1, 2, FanClub",いーあるふぁんくらぶ,27.7,APD 26,1015,Append,174,
alive,alive,27.6,27+,1016,Master,82,
Black★Rock Shooter,ブラック★ロックシューター,27.6,27+,930,Master,238,
blender,blender,27.6,27+,781,Master,404,
blue paint,青色絵具,27.6,27+,1058,Master,232,
Connecting,Connecting,27.6,27+,792,Master,619,
DUNE,砂の惑星,27.6,27+,1062,Master,219,
Float Planner,フロート・プランナー,27.6,27+,832,Master,295,
Kirapipi☆Kirapika,キラピピ★キラピカ,27.6,27+,909,Master,386,
Layer Note,レイヤーノート,27.6,27+,679,Master,532,
DSCF,妄想感傷代償連盟,27.6,APD 26,1092,Append,194,
DO RE MI FA Rondo,ドレミファロンド ,27.5,27,961,Master,603,
Hello/How Are You?,ハロ／ハワユ,27.5,27,851,Master,66,
IF,イフ,27.5,27,1062,Master,211,
Karakuri Pierrot,からくりピエロ,27.5,27,1005,Master,147,
Lonely Universe,ロンリーユニバース,27.5,27,999,Master,269,
Sad Machine,,27.5,27,755,Master,609,
Shoujo Rei,少女レイ,27.5,27,1400,Master,169,
Tabi ni Kaeru,旅に帰る,27.5,27,876,Master,742,
Thousand Year Solo,千年の独奏歌,27.5,27,906,Master,223,
Unsung Melodies,,27.5,27,760,Master,419,
Catch the Wave,Catch the Wave,27.4,27,739,Master,699,
City,街,27.4,27,769,Master,217,
Coral,箱庭のコラル,27.4,27,983,Master,324,
DSCF,妄想感傷代償連盟,27.4,27,966,Master,194,
Gift from the Princess who Brought Sleep,眠らせ姫からの贈り物,27.4,27,1003,Master,350,
Gunjo Sanka,群青讃歌,27.4,27,833,Master,141,
Lagtrain,ラグトレイン,27.4,27,920,Master,469,
Melancholic,メランコリック,27.4,27,1100,Master,369,
Starry sky melody,星空のメロディー,27.4,27,821,Master,212,
IDSMILE,アイディスマイル,27.4,APD 26,1216,Append,116,
Blazing,烈火,27.3,27,948,Master,497,
Blessing,Blessing,27.3,27,986,Master,50,
flos,flos,27.3,27,893,Master,431,
from Y to Y,from Y to Y,27.3,27,982,Master,96,
Kokuhaku,告白,27.3,27,588,Master,662,
on the rocks,on the rocks,27.3,27,1004,Master,86,
We are,私は、私達は,27.3,27,918,Master,287,
「１」,「１」,27.2,27,814,Master,132,
Afterglow,Afterglow,27.2,27,844,Master,309,
Aishiteita no ni,あいしていたのに,27.2,27,580,Master,721,
Hollow,虚ろを扇ぐ,27.2,27,1112,Master,280,
I~ya I~ya I~ya,い〜やい〜やい〜や,27.2,27,809,Master,670,
Noten,脳天,27.2,27,975,Master,545,
On&On,On&On,27.2,27,859,Master,426,
Ribbon,Ribbon,27.2,27,641,Master,717,
Sharing the World,Sharing the World,27.2,27,1122,Master,318,
Strata de Machiawase,ストラタでまちあわせ,27.2,27,655,Master,738,
Double Lariat,ダブルラリアット,27.1,27,1115,Master,256,
Eleventh,イレヴンス,27.1,27,699,Master,539,
Ikiru,生きる,27.1,27,704,Master,644,
Kazatte,飾って,27.1,27,520,Master,572,
Love is War,恋は戦争,27.1,27,1262,Master,365,
MOTTO!!!,MOTTO!!!,27.1,27,1067,Master,405,
Near,ニア,27.1,27,841,Master,73,
Poka Poka Planet,ぽかぽかの星,27.1,27,903,Master,617,
SAIRAI,SAIRAI,27.1,27,727,Master,747,
The Servant of Evil,悪ノ召使,27.1,27,784,Master,191,
Torinokocity,トリノコシティ,27.1,27,852,Master,242,
Heartbeat #0822,心拍数♯0822,27.0,27,843,Master,155,
Shadow Shadow,Shadow Shadow,27.0,27,783,Master,476,
The Daughter of Evil,悪ノ娘,27.0,27,784,Master,190,
The Light That Dwells Here,そこに在る、光。,27.0,27,408,Master,564,lowest note count ever
Who?,Who?,27.0,27,847,Master,680,
99 Glooms,99 Glooms,27.0,27,1017,Expert,749,
Ángel,アンヘル,27.0,27,917,Expert,562,
Angel's Clover,天使のクローバー,27.0,27,985,Expert,112,
ARQETYPE,ARQETYPE,27.0,27,827,Expert,406,
BAKENOHANA,化けの花,27.0,27,875,Expert,549,
Brain Revolution Girl,脳内革命ガール,27.0,27,1189,Expert,344,
CHAOS,CHAOS,27.0,27,890,Expert,744,
Children Record,チルドレンレコード,27.0,27,1234,Expert,136,
Chou Night of Knights,超ナイト・オブ・ナイツ,27.0,27,1201,Expert,622,
CIRCUS PANIC!!!,CIRCUS PANIC!!!,27.0,27,1083,Expert,408,
CYBER PUNK DEAD BOY,サイバーパンクデッドボーイ,27.0,27,917,Expert,452,
Doctor=Funk Beat,ドクター=ファンクビート,27.0,27,984,Expert,28,
Eternal Aria,エターナルアリア,27.0,27,1272,Expert,364,
Fräulein=Ojousama,フロイライン＝オジョウサマ,27.0,27,1130,Expert,714,
Fräulein=библиотека,フロイライン＝ビブリォチカ,27.0,27,1222,Expert,251,
Fusion,フュージョン,27.0,27,1056,Expert,555,
FUTURE EVE,フューチャー・イヴ,27.0,27,1462,Expert,273,
Ghost Rule,ゴーストルール,27.0,27,1174,Expert,199,
Greenlights Serenade,グリーンライツ・セレナーデ,27.0,27,1034,Expert,46,
Heat abnormal,熱異常,27.0,27,978,Expert,451,
Incomplete Anthem,未完成讃歌,27.0,27,1324,Expert,254,
Kagerou Daze,カゲロウデイズ,27.0,27,1295,Expert,171,
KILLER,キラー,27.0,27,825,Expert,474,
Kimi ga Tobioriru no Nara,君が飛び降りるのならば,27.0,27,970,Expert,641,
Kyu-kurarin,きゅうくらりん,27.0,27,1141,Expert,361,
Manhattan,マンハッタン,27.0,27,901,Expert,590,
My love is Hellfire,私の恋はヘルファイア,27.0,27,1491,Expert,301,
NEXT NEST,ネクストネスト,27.0,27,983,Expert,43,
Odoryanse,おどりゃんせ,27.0,27,1100,Expert,559,
OKOCHAMA SENSO,おこちゃま戦争,27.0,27,1259,Expert,307,
ONESELF,ONESELF,27.0,27,1063,Expert,227,
Outburst Dreamer Boys,厨病激発ボーイ,27.0,27,1118,Expert,581,
Parry,パリィ,27.0,27,963,Expert,553,
Play-With-Fire,ヒアソビ,27.0,27,1053,Expert,433,
Rule Book,ルルブ,27.0,27,1143,Expert,587,
SAI LOVE JINSEI RUNNER,最愛人生ランナー,27.0,27,1039,Expert,689,
Setsuna Trip,セツナトリップ,27.0,27,1275,Expert,354,
shinjinrui,新人類,27.0,27,1285,Expert,381,
SnowMix♪,SnowMix♪,27.0,27,1321,Expert,327,
Soudatta!!,そうだった！！,27.0,27,1175,Expert,165,
spring storm,春嵐,27.0,27,1095,Expert,392,
syndrome,心泥夢(syndrome),27.0,27,1221,Expert,444,
Teenager's Heartbeat,十六歳の心臓,27.0,27,1162,Expert,468,
Tensai Rock,天才ロック,27.0,27,1148,Expert,631,
Teo,テオ,27.0,27,997,Expert,3,
Theme of Niccori Survey Team,にっこり^^調査隊のテーマ,27.0,27,1026,Expert,178,
Tokimeki Jet Coaster,ときめきジェットコースター,27.0,27,1016,Expert,428,
Tokugawa Cupnoodle Prohibition,徳川カップヌードル禁止令,27.0,27,1065,Expert,234,
Tonal Twinkle Tetrad,世界を照らすテトラッド,27.0,27,850,Expert,411,
Tondemo-Wonderz,トンデモワンダーズ,27.0,27,1122,Expert,127,
TRASH and TRASH!,トラッシュ・アンド・トラッシュ！,27.0,27,1022,Expert,335,
Vampire's ∞ pathoS,Vampire's ∞ pathoS,27.0,27,992,Expert,334,
Violence Trigger,バイオレンストリガー,27.0,27,1277,Expert,703,
We Are Pico Pico Hammers!!!!!,ウィーアーピコピコハンマーズ!!!!,27.0,27,1125,Expert,688,
Zunda Party Night,ずんだパーリナイ,27.0,27,1407,Expert,379,
Happy Halloween,Happy Halloween,27.0,APD 26,832,Append,172,
Kanadetomosusora,カナデトモスソラ,26.9,26+,703,Master,149,
ray,ray,26.9,26+,1092,Master,148,
Twilight Light,トワイライトライト,26.9,26+,619,Master,384,
Sweet Magic,スイートマジック,26.9,APD 25,1126,Append,41,
Tell Your World,Tell Your World,26.9,APD 25,1353,Append,1,
glow,glow,26.8,26+,987,Master,339,
Hitorinbo Envy,独りんぼエンヴィー,26.8,26+,589,Master,74,
Intergalactic Bound,Intergalatic Bound,26.8,26+,996,Master,464,
Kimi no Yoru wo Kure,君の夜をくれ,26.8,26+,662,Master,237,
Lagtrain,ラグトレイン,26.8,APD 25,1038,Append,469,
Aioi,相生,26.7,26+,1232,Master,351,
Love material,アイノマテリアル,26.7,26+,814,Master,144,
Sorega Anata No Shiawase To Shitemo,それがあなたの幸せとしても,26.7,26+,814,Master,294,
glow,glow,26.7,APD 25,855,Append,339,
Nomad,ノマド,26.7,APD 25,531,Append,189,
Bloom in mud,泥中に咲く,26.6,26+,761,Master,270,
Comet Galaxy,彗星ノ銀河,26.6,26+,699,Master,526,
Ichi Ni no San de,いちにのさんで,26.6,26+,715,Master,292,
Plaything,,26.6,26+,807,Master,535,
Ten Thousand Stars,,26.6,26+,933,Master,453,
ECHO,ECHO,26.5,26,805,Master,100,
Fondant Step,Fondant Step,26.5,26,904,Master,618,
Interviewer,インタビュア,26.5,26,1097,Master,330,
Jishoumushoku,自傷無色,26.5,26,829,Master,67,
Nomad,ノマド,26.5,26,592,Master,189,
Sono E no Namae wa,その絵の名前は,26.5,26,555,Master,597,
CrystalSnow,クリスタルスノウ,26.4,26,773,Master,593,
Dawn and Fireflies,夜明けと蛍,26.4,26,852,Master,311,
Hajimete no Oto,ハジメテノオト,26.4,26,639,Master,470,
Meru,メリュー,26.4,26,983,Master,218,
Becoming Potatoes,potatoになっていく,26.4,APD 25,703,Append,52,
Dawn and Fireflies,夜明けと蛍,26.4,APD 25,717,Append,311,
Epilogue without you,エピローグに君はいない,26.3,26,625,Master,332,
Happy Cheat Day,ハッピーチートデー,26.3,26,817,Master,463,
Metamo Re:born,メタモリボン,26.3,26,685,Master,209,
Packaged,Packaged,26.3,26,839,Master,604,
Reborn,再生,26.3,26,547,Master,142,
Suresure,すれすれ,26.3,26,595,Master,442,
Kanadetomosusora,カナデトモスソラ,26.3,APD 24,1020,Append,149,
kokoronashi,心做し,26.2,26,832,Master,358,
Made to Order,オーダーメイド,26.2,26,601,Master,196,
Copycat,Copycat,26.1,26,997,Master,247,
Tell Your World,Tell Your World,26.1,26,1147,Master,1,
Where shall we go?,Where shall we go?,26.1,26,735,Master,338,
Goodbye,Goodbye,26.0,26,860,Master,228,
"Sky Passing Around, Moon Rabbit",回る空うさぎ,26.0,26,607,Master,607,
(Not) A Devil,デビルじゃないもん,26.0,26,854,Expert,412,
88☆彡,88☆彡,26.0,26,1088,Expert,224,
Accelerate,アクセラレイト,26.0,26,810,Expert,583,
All I Need are Things I Like,すきなことだけでいいです,26.0,26,1081,Expert,367,
All-Save Challenge,オールセーブチャレンジ,26.0,26,795,Expert,538,
Alter Ego,オルターエゴ,26.0,26,1175,Expert,167,
Artifact,,26.0,26,1008,Expert,694,
Awaiting Clear Skies,霽れを待つ,26.0,26,974,Expert,97,
Be The MUSIC!,Be The MUSIC!,26.0,26,1121,Expert,336,
Blue Planet,ブループラネット,26.0,26,1287,Expert,357,
bug,バグ,26.0,26,1101,Expert,248,
Chu! Future☆Express!,,26.0,26,1062,Expert,701,
Chururira Chururira Daddadda!,チュルリラ・チュルリラ・ダッダッダ！,26.0,26,1246,Expert,88,
Cirno's Perfect Math Academy,チルノのパーフェクトさんすう学園,26.0,26,999,Expert,624,
Close to gray,限りなく灰色へ,26.0,26,818,Expert,90,
Composing the Future,悔やむと書いてミライ,26.0,26,815,Expert,60,
Cute Na Kanojo,キュートなカノジョ,26.0,26,1006,Expert,391,
D/N/A,D/N/A,26.0,26,913,Expert,596,
Dameningenda!,だめにんげんだ!,26.0,26,917,Expert,482,
Dance Robot Dance,ダンスロボットダンス,26.0,26,927,Expert,68,
Devil's Manner,悪魔の踊り方,26.0,26,792,Expert,133,
Disco No.39,Disco No.39,26.0,26,950,Expert,399,
EGOIST,エゴイスト,26.0,26,1303,Expert,299,
Envy Cat Walk,エンヴィキャットウォーク,26.0,26,932,Expert,595,
Evil Food Eater Conchita,悪食娘コンチータ,26.0,26,791,Expert,349,
Explore,エクスプロウル,26.0,26,1024,Expert,636,
FAKE HEART,,26.0,26,778,Expert,514,
Fish and Tips,フィッシュアンドTips,26.0,26,833,Expert,626,
fixer,フィクサー,26.0,26,948,Expert,183,
Genten,げんてん,26.0,26,1021,Expert,669,
Gimme×Gimme,Gimme×Gimme,26.0,26,842,Expert,83,
Goodbye Declaration,グッバイ宣言,26.0,26,1017,Expert,198,
Hanamusubi,花結び,26.0,26,989,Expert,695,
HANAOBORE,花溺れ,26.0,26,780,Expert,557,
Hated by Life,命に嫌われている,26.0,26,756,Expert,22,
HAVEN,ヘイヴン,26.0,26,875,Expert,508,
"Help me, ERINNNNNN!!","Help me, ERINNNNNN!!",26.0,26,1168,Expert,502,
HERO,HERO,26.0,26,1194,Expert,414,
Hitomania,人マニア,26.0,26,1000,Expert,664,
Hurray,フレー,26.0,26,1067,Expert,302,
I am you,Iなんです,26.0,26,910,Expert,304,
i DO what i WANT,,26.0,26,751,Expert,657,
I know I know.,I know 愛脳,26.0,26,1016,Expert,504,
I Maker!,アイ・メイカー！,26.0,26,1118,Expert,741,
Identity,アイデンティティ,26.0,26,1196,Expert,231,
Jack Pot Sad Girl,ジャックポットサッドガール,26.0,26,647,Expert,62,
Jet Black,ジェットブラック,26.0,26,1052,Expert,687,
junky nighttown orchestra,ジャンキーナイトタウンオーケストラ,26.0,26,1070,Expert,84,
Kareshi no Jude,カレシのジュード,26.0,26,1184,Expert,652,
Kibou no tsuki,幾望の月,26.0,26,892,Expert,456,
Kuronuri Sekai ate Shokan,黒塗り世界宛て書簡,26.0,26,930,Expert,704,
Last Score,ラストスコア,26.0,26,1050,Expert,197,
Lavie,ラヴィ,26.0,26,1080,Expert,723,
Law-evading Rock,脱法ロック,26.0,26,972,Expert,21,
Liar Dancer,ライアーダンサー,26.0,26,892,Expert,509,
Life Will Change,Life Will Change,26.0,26,973,Expert,648,
limbo,limbo,26.0,26,900,Expert,416,
Lose The Princess,さよならプリンセス,26.0,26,812,Expert,413,
Lost One's Weeping,ロストワンの号哭,26.0,26,947,Expert,98,
Lower one's eyes,ロウワー,26.0,26,780,Expert,187,
Mahou Shoujo Koufukuron,魔法少女幸福論,26.0,26,982,Expert,715,
Marshall Maximizer,マーシャル・マキシマイザー,26.0,26,694,Expert,410,
Marshmary,マシュマリー,26.0,26,1123,Expert,157,
merry-go-round,メリーゴーラウンド,26.0,26,874,Expert,517,
Mesmerizer,メズマライザー,26.0,26,1218,Expert,531,
Milk Crown on Sonechka,ミルククラウン・オン・ソーネチカ,26.0,26,1025,Expert,107,
Monitoring,モニタリング,26.0,26,901,Expert,628,
MORE! JUMP! MORE!,モア！ジャンプ！モア！,26.0,26,1011,Expert,99,
Mr. Showtime,Mr. Showtime,26.0,26,1341,Expert,333,
Non-breath oblige,ノンブレス・オブリージュ,26.0,26,1071,Expert,268,
Nyanyanyanyanyanyanya!,Nyanyanyanyanyanyanya!,26.0,26,1059,Expert,713,
O-Barcode,オーバーコード,26.0,26,1113,Expert,446,
Odo,踊,26.0,26,882,Expert,205,
Opera! Space Opera!,オペラ！スペースオペラ！,26.0,26,986,Expert,450,
Osmanthus,金木犀,26.0,26,814,Expert,418,
Override,オーバーライド,26.0,26,1004,Expert,521,
Pheles,フェレス,26.0,26,1374,Expert,291,
Piano × Forte × Scandal,ピアノ×フォルテ×スキャンダル,26.0,26,1042,Expert,222,
Poppin' Candy☆Fever!,ポッピンキャンディ☆フィーバー！,26.0,26,1140,Expert,494,
Positive☆Dance Time,ポジティブ☆ダンスタイム,26.0,26,965,Expert,122,
Protodisco,プロトディスコ,26.0,26,913,Expert,561,
RAD DOGS,RAD DOGS,26.0,26,1067,Expert,101,
Red Land Marker,レッドランドマーカー,26.0,26,1018,Expert,462,
Regulus,レグルス,26.0,26,949,Expert,423,
Relayouter,リレイアウター,26.0,26,960,Expert,435,
Rocket Cider,ロケットサイダー,26.0,26,1110,Expert,665,
Rollin Girl,ローリンガール,26.0,26,1156,Expert,113,
Ruma,ルマ,26.0,26,899,Expert,601,
Saitama 2000,さいたま2000,26.0,26,659,Expert,707,
Sayonara Tengoku Mata Kite Jigoku,サヨナラ天国また来て地獄,26.0,26,723,Expert,649,
Secret Seeker,シークレット・シーカー,26.0,26,894,Expert,569,
Selfish princess,我儘姫,26.0,26,1040,Expert,376,
Senbonzakura,千本桜,26.0,26,1000,Expert,110,
Shama,紗痲,26.0,26,1088,Expert,620,
Sick of House!,しっくおぶはうす！,26.0,26,1107,Expert,185,
Silver Collector,シルバーコレクター,26.0,26,1113,Expert,496,
SlowDowner,スロウダウナー,26.0,26,1054,Expert,378,
snooze,snooze,26.0,26,961,Expert,554,
Stardust Medley,スターダストメドレー,26.0,26,1215,Expert,380,
Starry Melancolia,星宙メランコリア,26.0,26,1004,Expert,608,
Stella,ステラ,26.0,26,955,Expert,64,
"Still, we never stop singing",それでも僕らは歌うことをやめない,26.0,26,705,Expert,524,
Suicide Parade,スーサイドパレヱド,26.0,26,918,Expert,606,
Surges,Surges,26.0,26,950,Expert,632,
T-shi no Hanashi wo Shinjiru na,T氏の話を信じるな,26.0,26,948,Expert,727,
The Gardener's Story,庭師のおはなしによると,26.0,26,1121,Expert,633,
The peachy key,ももいろの鍵,26.0,26,1073,Expert,308,
Touhou☆Wonderland,とうほう☆ワンダーランド,26.0,26,806,Expert,623,
Unhappy Refrain,アンハッピーリフレイン,26.0,26,1137,Expert,288,
Unknown Mother-Goose,アンノウン・マザーグース,26.0,26,1080,Expert,115,
Ura-Omote Lovers,裏表ラバーズ,26.0,26,1017,Expert,114,
Venom,ベノム,26.0,26,972,Expert,145,
Venus,ヴィーナス,26.0,26,1124,Expert,663,
Wanderlast,ワンダーラスト,26.0,26,1418,Expert,711,
We are Different !!! (or Same),ちがう!!!,26.0,26,930,Expert,475,
White Happy,ホワイトハッピー,26.0,26,939,Expert,651,
World's End Dancehall,ワールズエンド・ダンスホール,26.0,26,957,Expert,119,
Yobanashi Deceive,夜咄ディセイブ,26.0,26,1165,Expert,81,
Your Adventure Log Has Vanished!,ぼうけんのしょがきえました！,26.0,26,951,Expert,78,
Passion at 25:00,25時の情熱,25.9,25+,725,Master,409,
Ichi Ni no San de,いちにのさんで,25.8,APD 24,791,Append,292,
Anata no Sora ga Naku no Nara,あなたの空が泣くのなら,25.6,25,682,Master,659,
Made to Order,オーダーメイド,25.6,APD 24,634,Append,196,
Yokanimotorete,余花にみとれて,25.5,25,613,Master,500,
"A Glimmer, 1/f fluctuation",幽光、1/fのゆらめき,25.0,25,718,Expert,427,
About me,About me,25.0,25,863,Expert,643,
AI,アイ,25.0,25,821,Expert,616,
AI no UTA,あいのうた,25.0,25,950,Expert,467,
Alien Alien,エイリアンエイリアン,25.0,25,1208,Expert,246,
Amanojaku,天ノ弱,25.0,25,982,Expert,289,
Anata Shika Mienai no,あなたしか見えないの,25.0,25,969,Expert,682,
Antenna 39,アンテナ39,25.0,25,1139,Expert,525,
At God's Mercy,神のまにまに,25.0,25,900,Expert,201,
Attract Light,アトラクトライト,25.0,25,1295,Expert,321,
Bad ∞ End ∞ Night,Bad ∞ End ∞ Night,25.0,25,875,Expert,278,
Balleriko,バレリーコ,25.0,25,965,Expert,589,
Beat Eater,Beat Eater,25.0,25,772,Expert,156,
Beyond the way,Beyond the way,25.0,25,737,Expert,398,
Bitter Choco Decoration,ビターチョコデコレーション,25.0,25,1059,Expert,129,
Blackjack,Blackjack,25.0,25,921,Expert,542,
Blood Doll,ブラッドドール,25.0,25,795,Expert,656,
Blue Star,Blue Star,25.0,25,1046,Expert,342,
Bocca della Verità,ボッカデラベリタ,25.0,25,884,Expert,125,
Booo!,Booo!,25.0,25,823,Expert,320,
BRING IT ON,劣等上等,25.0,25,825,Expert,26,
BURIKI NO DANCE,ブリキノダンス,25.0,25,852,Expert,38,
Butterfly on Your Right Shoulder,右肩の蝶,25.0,25,1058,Expert,177,
Calc.,Calc.,25.0,25,1126,Expert,243,
Call Boy,コールボーイ,25.0,25,809,Expert,505,
Call!!,Call!!,25.0,25,549,Expert,594,
"Can't Defeat ""Take No Notice Boys""",難聴系男子が倒せない,25.0,25,1028,Expert,341,
Can't Make A Song!!,,25.0,25,907,Expert,459,
Cat Loving,キャットラビング,25.0,25,934,Expert,491,
Cellphone Love Story,携帯恋話,25.0,25,981,Expert,61,
Cendrillon 10th Anniversary,サンドリヨン 10th Anniversary,25.0,25,735,Expert,104,
Chikyuu Saigo no Kokuhaku wo,地球最後の告白を,25.0,25,884,Expert,154,
Cool Me Down,Cool Me Down,25.0,25,1159,Expert,425,
Cosmospice,コスモスパイス,25.0,25,849,Expert,233,
culture,カルチャ,25.0,25,797,Expert,529,
Cutlery,カトラリー,25.0,25,686,Expert,111,
DarlingDance,ダーリンダンス,25.0,25,824,Expert,168,
DAYBREAK FRONTLINE,DAYBREAK FRONTLINE,25.0,25,1102,Expert,253,
Do not go,いかないで,25.0,25,977,Expert,120,
DOKUZU,ド屑,25.0,25,844,Expert,455,
DONUT HOLE 2024,ドーナツホール 2024,25.0,25,1046,Expert,220,
Doukaai,導火愛,25.0,25,883,Expert,737,
Dramaturgy,ドラマツルギー,25.0,25,747,Expert,91,
DREAM PLACE,DREAM PLACE,25.0,25,937,Expert,252,
drop pop candy,drop pop candy,25.0,25,773,Expert,15,
"E? Ah,sou.",え？あぁ、そう。,25.0,25,838,Expert,437,
Ego rock,エゴロック,25.0,25,1041,Expert,225,
Eien Hanahadashii,永遠甚だしい,25.0,25,930,Expert,706,
EYELID,アイリッド,25.0,25,813,Expert,560,
FAILURE GIRL,失敗作少女,25.0,25,805,Expert,510,
filament fever,フィラメントフィーバー,25.0,25,864,Expert,397,
Fire Dance,ファイアダンス,25.0,25,606,Expert,576,
Fire◎Flower (Rerec),Fire◎Flower (Rerec),25.0,25,734,Expert,536,
FUEL,フューエル,25.0,25,698,Expert,478,
FUN!!,FUN!!,25.0,25,622,Expert,575,
Gehenna,ジェヘナ,25.0,25,1177,Expert,272,
Glory Steady Go!,Glory Steady Go!,25.0,25,738,Expert,166,
God-ish,神っぽいな,25.0,25,1035,Expert,385,
Good Weather,快晴,25.0,25,1286,Expert,323,
Hao,ハオ,25.0,25,964,Expert,724,
Happy Halloween,Happy Halloween,25.0,25,827,Expert,172,
Hashiru! Tooku! Todoku!,はしる! とおく! とどく!,25.0,25,742,Expert,498,
"Hello, Worker","Hello, Worker",25.0,25,773,Expert,286,
"Hello,world!","Hello,world!",25.0,25,900,Expert,184,
Henceforth,Henceforth,25.0,25,916,Expert,484,
Hibikase,ヒビカセ,25.0,25,898,Expert,109,
Hoshi ni Ichiban Chikai Basho,星に一番近い場所,25.0,25,964,Expert,681,
I want to be your heart,だれかの心臓になれたなら,25.0,25,811,Expert,152,
I'm Mine,アイムマイン,25.0,25,1058,Expert,368,
IDSMILE,アイディスマイル,25.0,25,985,Expert,116,
imaginary love story,imaginary love story,25.0,25,1019,Expert,420,
Imasugu Rinne,いますぐ輪廻,25.0,25,796,Expert,733,
Into The Night,夜に駆ける,25.0,25,932,Expert,139,
It's just life,命ばっかり,25.0,25,1037,Expert,352,
Journey,Journey,25.0,25,1285,Expert,235,
Judas,ジウダス,25.0,25,769,Expert,215,
Kimagure Mercy,気まぐれメルシィ,25.0,25,1247,Expert,281,
KING,KING,25.0,25,1002,Expert,138,
KISARAGI ATTENTION,如月アテンション,25.0,25,855,Expert,511,
Kiss the Villain,悪役にキスシーンを,25.0,25,998,Expert,377,
KLY,一千光年,25.0,25,941,Expert,439,
Kono Manma de Ikou,このまんまでいこう,25.0,25,738,Expert,642,
Konton Boogie,混沌ブギ,25.0,25,962,Expert,499,
Last of Me,,25.0,25,1084,Expert,598,
Leia - Remind,Leia - Remind,25.0,25,970,Expert,85,
Literary nonsense,ノンセンス文学,25.0,25,856,Expert,158,
Lost and Found,ロストエンファウンド,25.0,25,1082,Expert,226,
Love Ka?,ラブカ？,25.0,25,710,Expert,260,
"Love Me, Love Me, Love Me",愛して愛して愛して,25.0,25,928,Expert,181,
Love! Snow! Really Magic,好き！雪！本気マジック,25.0,25,828,Expert,611,
Luka Luka★Night Fever,ルカルカ★ナイトフィーバー,25.0,25,950,Expert,216,
magic number,magic number,25.0,25,818,Expert,161,
Mahou Shoujo to Chocolate,魔法少女とチョコレゐト,25.0,25,797,Expert,700,
Main Character,メインキャラクター,25.0,25,951,Expert,541,
"Maku o Orosou, Parade e",幕を下ろそう、パレードへ,25.0,25,861,Expert,718,
manimani,まにまに,25.0,25,893,Expert,401,
Marionette Dancer,マリオネットダンサー,25.0,25,860,Expert,639,
Masquerade,Masquerade,25.0,25,868,Expert,746,
MATORYOSHKA,マトリョシカ,25.0,25,887,Expert,221,
Medicine,イガク,25.0,25,892,Expert,515,
Melt,メルト,25.0,25,1363,Expert,47,
METEOR,METEOR,25.0,25,1160,Expert,337,
MikuFiesta,,25.0,25,867,Expert,479,
Miracle Paint,ミラクルペイント,25.0,25,1300,Expert,36,
Moonlight,月光,25.0,25,1058,Expert,239,
mousou aspartame,妄想アスパルテーム,25.0,25,828,Expert,544,
Music Like Magic!,魔法みたいなミュージック！,25.0,25,1080,Expert,317,
My Palette is Full of You,パレットには君がいっぱい,25.0,25,900,Expert,214,
NAKAKAPAGPABAGABAG,,25.0,25,882,Expert,563,
needLe,needLe,25.0,25,889,Expert,63,
NEO,NEO,25.0,25,939,Expert,366,
Night Sky Patrol of Tomorrow,アスノヨゾラ哨戒班,25.0,25,1073,Expert,18,
NIJIIRO STORIES,ニジイロストーリーズ,25.0,25,881,Expert,103,
Nisemono Ningen 40-gou,偽物人間40号,25.0,25,775,Expert,571,
Noda,のだ,25.0,25,918,Expert,558,
One Sheep,ひつじがいっぴき,25.0,25,1120,Expert,316,
ONLINE GAME ADDICTS SPRECHCHOR,ネトゲ廃人シュプレヒコール,25.0,25,1156,Expert,298,
Pamela,パメラ,25.0,25,877,Expert,653,
Parasol Cider,パラソルサイダー,25.0,25,796,Expert,264,
Peaky Peaky,Peaky Peaky,25.0,25,747,Expert,207,
Pentatonic,ペンタトニック,25.0,25,733,Expert,585,
Pulse of the Meteor,流星のパルス,25.0,25,958,Expert,173,
QUEEN,QUEEN,25.0,25,1164,Expert,506,
Queen of Hearts,クイーンオブハート,25.0,25,1189,Expert,592,
Rain and Petra,雨とペトラ,25.0,25,976,Expert,210,
Rainy Snowdrop,レイニースノードロップ,25.0,25,1234,Expert,283,
Ramune,ラムネ,25.0,25,951,Expert,702,
Raspberry＊Monster,ラズベリー＊モンスター,25.0,25,933,Expert,705,
Ready Steady,Ready Steady,25.0,25,564,Expert,54,
Realize,リアライズ,25.0,25,744,Expert,356,
Reincarnation Apple,転生林檎,25.0,25,851,Expert,533,
Retainer Supplanting His Lord,下剋上,25.0,25,1228,Expert,373,
Rin-chan Now!,リンちゃんなう！,25.0,25,1098,Expert,303,
Salamander,サラマンダー,25.0,25,1186,Expert,230,
Samsa,ザムザ,25.0,25,779,Expert,300,
SEIBAIITAAAAASU!,成敗いたAAAAAす！,25.0,25,1022,Expert,472,
SHANTI,シャンティ,25.0,25,942,Expert,276,
SHIAWASE FOR YOU!,SHIAWASE FOR YOU!,25.0,25,789,Expert,719,
Shinkai City Underground,深海シティアンダーグラウンド,25.0,25,872,Expert,645,
Showtime Ruler,ショウタイム・ルーラー,25.0,25,819,Expert,160,
Showtime×Audience,ショウタイム×オーディエンス,25.0,25,1091,Expert,440,
Shuuen Touhikou,終焉逃避行,25.0,25,721,Expert,547,
Singing of a flower,花を唄う,25.0,25,807,Expert,137,
Sono Oto ga Narunara,その音が鳴るなら,25.0,25,952,Expert,546,
STAGE OF SEKAI,STAGE OF SEKAI,25.0,25,1005,Expert,159,
Star,スター,25.0,25,799,Expert,570,
Star Night Snow,スターナイトスノウ,25.0,25,859,Expert,614,
Stardust Utopia,星屑ユートピア,25.0,25,1183,Expert,261,
Step for a Crescent,三日月ステップ,25.0,25,891,Expert,580,
SToRY,SToRY,25.0,25,705,Expert,574,
Super Hero,スーパーヒーロー,25.0,25,904,Expert,495,
sweety glitch,,25.0,25,894,Expert,371,
Synthesize You,合成するミライ,25.0,25,969,Expert,512,
TEARS OF GARNET,ガーネットの涙,25.0,25,774,Expert,466,
Telecaster b boy,テレキャスタービーボーイ,25.0,25,726,Expert,134,
Tengaku,天樂,25.0,25,1396,Expert,372,
TETORIS,テトリス,25.0,25,653,Expert,627,
The Bubble Future,泡沫未来,25.0,25,750,Expert,151,
The Vampire,ヴァンパイア,25.0,25,1029,Expert,213,
the WALL,the WALL,25.0,25,815,Expert,259,
This Messed Up Wonderful World Exists For Me,このふざけた素晴らしき世界は、僕の為にある,25.0,25,946,Expert,625,
TOKIO FUNKA,トキヲ・ファンカ,25.0,25,780,Expert,150,
Transparent Elegy,透明エレジー,25.0,25,848,Expert,520,
Transparent Palette,透明なパレット,25.0,25,852,Expert,646,
Twilight Melody,Twilight Melody,25.0,25,943,Expert,445,
ULTRA C,ULTRA C,25.0,25,651,Expert,471,
villain,ヴィラン,25.0,25,984,Expert,170,
Vocalo-Colosseum,ぼかろころしあむ,25.0,25,805,Expert,692,
Voices,Voices,25.0,25,1144,Expert,236,
Waraetara Ee Yan!,笑えたらえーやん！,25.0,25,878,Expert,637,
We're Still Underground,僕らまだアンダーグラウンド,25.0,25,920,Expert,208,
When First Love Ends,初めての恋が終わる時,25.0,25,822,Expert,407,
World Lampshade[reunion],ワールド・ランプシェード [reunion],25.0,25,895,Expert,534,
Yankee Boy Yankee Girl,ヤンキーボーイ・ヤンキーガール,25.0,25,903,Expert,586,
Yoshiwara Lament second edition,吉原ラメント 再来盤,25.0,25,1135,Expert,591,
YY,YY,25.0,25,976,Expert,266,
8.32,8.32,24.0,24,659,Expert,629,
39,39,24.0,24,1139,Expert,331,
1925,1925,24.0,24,887,Expert,306,
"""Hmm,Ah,Ah.""",んっあっあっ。,24.0,24,742,Expert,430,
"*Hello, Planet",31.5,24.0,24,931,Expert,118,
"1, 2, FanClub",いーあるふぁんくらぶ,24.0,24,863,Expert,174,
A Word,アコトバ,24.0,24,664,Expert,483,
Abelia,アベリア,24.0,24,865,Expert,677,
"Ah, It's A Wonderful Cat Life",嗚呼、素晴らしきニャン生,24.0,24,1185,Expert,346,
Airhead,ガランド,24.0,24,761,Expert,200,
Alkali Rettousei,アルカリレットウセイ,24.0,24,854,Expert,726,
All in One,オールイン・ワン,24.0,24,1029,Expert,760,
Ano Natsu ga Houwa Suru.,あの夏が飽和する。,24.0,24,626,Expert,650,
Anti you,アンチユー,24.0,24,610,Expert,582,
Aoku Kakero!,青く駆けろ！,24.0,24,919,Expert,93,
As You Like It,お気に召すまま,24.0,24,808,Expert,106,
AttaKAITO,あったかいと,24.0,24,1026,Expert,271,
Awake Now,Awake Now,24.0,24,723,Expert,244,
Bad Apple!! feat.SEKAI,Bad Apple!! feat.SEKAI,24.0,24,883,Expert,501,
Becoming Pigs Yeah Yeah,豚になってyeah yeah,24.0,24,705,Expert,325,
Becoming Potatoes,potatoになっていく,24.0,24,721,Expert,52,
Black★Rock Shooter,ブラック★ロックシューター,24.0,24,695,Expert,238,
Bless Your Breath,ブレス・ユア・ブレス,24.0,24,696,Expert,72,
blue paint,青色絵具,24.0,24,846,Expert,232,
Bokuno Kamisama,ぼくのかみさま,24.0,24,792,Expert,548,
Bottle Cake,ボトルケーキ,24.0,24,640,Expert,394,
Cantarella,カンタレラ,24.0,24,870,Expert,296,
Cat Food,キャットフード,24.0,24,895,Expert,530,
CH4NGE,CH4NGE,24.0,24,789,Expert,513,
Cinema,シネマ,24.0,24,616,Expert,126,
Colorful Foundation,カラフルファンデーション,24.0,24,815,Expert,683,
CRASH THE PARTY,CRASH THE PARTY,24.0,24,818,Expert,679,
CRAZY,CR詠ZY,24.0,24,615,Expert,421,
Daidaidaidaidai Kirai,ダイダイダイダイダイキライ,24.0,24,687,Expert,722,
Dance orchestra,踊れオーケストラ,24.0,24,845,Expert,240,
Decade,Decade,24.0,24,839,Expert,319,
Dream Kiss,ドリーム・キス,24.0,24,515,Expert,696,
Dreamer's Beat,ドリーマーズビート,24.0,24,670,Expert,743,
Electric Angel,えれくとりっく・えんじぇぅ,24.0,24,927,Expert,454,
ELECTRIC WEEKEND ZONE,,24.0,24,835,Expert,602,
Empurple,エンパープル,24.0,24,813,Expert,507,
Engeki,演劇,24.0,24,983,Expert,345,
erase or zero,erase or zero,24.0,24,845,Expert,693,
"Even so, It's OK",それでもいいんだよ,24.0,24,897,Expert,274,
Flyer!,Flyer!,24.0,24,861,Expert,182,
Flyway,Flyway,24.0,24,1011,Expert,310,
Forward,Forward,24.0,24,737,Expert,55,
Fragile,フラジール,24.0,24,863,Expert,69,
FREELY TOMORROW,FREELY TOMORROW,24.0,24,905,Expert,313,
From Tokyo,フロムトーキョー,24.0,24,640,Expert,130,
from Y to Y,from Y to Y,24.0,24,847,Expert,96,
Getting Faster and Faster,だんだん早くなる,24.0,24,851,Expert,485,
Ghost City Tokyo,幽霊東京,24.0,24,904,Expert,102,
Gift from the Princess who Brought Sleep,眠らせ姫からの贈り物,24.0,24,904,Expert,350,
Gimme more!,Gimme more!,24.0,24,721,Expert,756,
Gunjo Sanka,群青讃歌,24.0,24,711,Expert,141,
Hananikaze,花に風,24.0,24,755,Expert,537,
Happy Synthesizer,ハッピーシンセサイザ,24.0,24,859,Expert,10,
Heart Forecast,心予報,24.0,24,909,Expert,188,
Hedgehog,ヘッジホッグ,24.0,24,837,Expert,710,
Hello Builder,Hello Builder,24.0,24,847,Expert,387,
"Hello, SEKAI",ハローセカイ,24.0,24,621,Expert,578,
Hide and Seek,ハイドアンド・シーク,24.0,24,764,Expert,438,
Hikaku Shoukougun,比較症候群,24.0,24,889,Expert,712,
Hikari,光,24.0,24,784,Expert,754,
Hikari no Atsumekata,ひかりのあつめかた,24.0,24,818,Expert,757,
Hikyou Sentai Urotander,卑怯戦隊うろたんだー,24.0,24,1025,Expert,661,
Hoshi wo Tsunagu,星を繋ぐ,24.0,24,753,Expert,375,
How-to Sekai Seifuku,ハウトゥー世界征服,24.0,24,803,Expert,672,
hug,はぐ,24.0,24,851,Expert,429,
I'm the Rain,私は雨,24.0,24,823,Expert,492,
I~ya I~ya I~ya,い〜やい〜やい〜や,24.0,24,792,Expert,670,
icedrop,アイスドロップ,24.0,24,704,Expert,140,
Ifuudoudou,威風堂々,24.0,24,975,Expert,95,
Imperial Girl,帝国少女,24.0,24,962,Expert,262,
Integral,インテグラル,24.0,24,868,Expert,424,
It was a very nice June,とても素敵な六月でした,24.0,24,1273,Expert,340,
Jougen no Tsuki,上弦の月,24.0,24,599,Expert,658,
Judgement of Corruption,悪徳のジャッジメント,24.0,24,777,Expert,348,
JUMPIN' OVER !,JUMPIN’ OVER !,24.0,24,858,Expert,422,
Just 1db Louder,,24.0,24,628,Expert,568,
"Kaben, Sore ni Matsuwaru Onsei",花弁、それにまつわる音声,24.0,24,883,Expert,638,
Kindokei,金時計,24.0,24,747,Expert,678,
kokoro,ココロ,24.0,24,945,Expert,312,
Kosho Yashiki Satsujin Jiken,古書屋敷殺人事件,24.0,24,823,Expert,436,
Kugutsu no Utsutsu,傀儡のうつつ,24.0,24,719,Expert,735,
Kusari no Shoujo -Re Alive-,鎖の少女-Re Alive-,24.0,24,920,Expert,698,
Kuu Ni Naru,くうになる,24.0,24,769,Expert,417,
Kyo-Fu All Back,強風オールバック,24.0,24,714,Expert,432,
Kyou mo harebare,きょうもハレバレ,24.0,24,793,Expert,493,
LEADER,LEADER,24.0,24,763,Expert,460,
lily-lala,リリィララ,24.0,24,810,Expert,655,
Lost Umbrella,ロストアンブレラ,24.0,24,804,Expert,551,
Lucky☆Orb,ラッキー☆オーブ,24.0,24,802,Expert,415,
Melancholic,メランコリック,24.0,24,917,Expert,369,
Melty Land Nightmare,メルティランドナイトメア,24.0,24,934,Expert,70,
Miku,Miku,24.0,24,990,Expert,153,
Mikumiku Ni Shiteageru [Shiteyanyo],みくみくにしてあげる♪【してやんよ】,24.0,24,739,Expert,124,
Mind Brand,マインドブランド,24.0,24,1023,Expert,473,
Mirai,ミライ,24.0,24,1017,Expert,180,
Mischievous Function,おちゃめ機能,24.0,24,933,Expert,480,
Mozaik Role (Reloaded),モザイクロール (Reloaded),24.0,24,871,Expert,477,
Musekinin Shuugoutai,㋰責任集合体,24.0,24,762,Expert,667,
Musunde Hiraite Rasetsu To Mukuro,結ンデ開イテ羅刹ト骸,24.0,24,826,Expert,567,
Mx.Nihil,虚無さん,24.0,24,650,Expert,540,
Namo Naki Kakumei,名も無き革命,24.0,24,995,Expert,359,
Newly Edgy Idols,アイドル新鋭隊,24.0,24,754,Expert,57,
ODDS＆ENDS,ODDS＆ENDS,24.0,24,739,Expert,117,
Odorobo,おどロボ,24.0,24,1266,Expert,461,
Otome Dissection,乙女解剖,24.0,24,834,Expert,92,
Our True Story,ありのままのストーリーを,24.0,24,892,Expert,635,
p.h.,p.h.,24.0,24,739,Expert,297,
PaⅢ.SENSATION,PaⅢ.SENSATION,24.0,24,1032,Expert,195,
Panda Hero,パンダヒーロー,24.0,24,820,Expert,566,
paradichlorobenzene,パラジクロロベンゼン,24.0,24,916,Expert,275,
Patchwork Staccato,ツギハギスタッカート,24.0,24,854,Expert,71,
phony,フォニイ,24.0,24,1064,Expert,277,
Polar Star,Polar Star,24.0,24,697,Expert,610,
Propose,プロポーズ,24.0,24,830,Expert,734,
Pure Summer,夏に透明,24.0,24,691,Expert,565,
purpose,purpose,24.0,24,720,Expert,383,
Q,Q,24.0,24,907,Expert,202,
ray,ray,24.0,24,978,Expert,148,
Remote Control,リモコン,24.0,24,903,Expert,146,
Resonance Between You and Me.,きみとぼくのレゾナンス,24.0,24,896,Expert,523,
ROKI,ロキ,24.0,24,827,Expert,2,
Romeo & Cinderella,ロミオとシンデレラ,24.0,24,856,Expert,121,
Roshin Yuukai (meltdown),炉心融解,24.0,24,998,Expert,179,
Round off the Square Earth,四角い地球を丸くする,24.0,24,950,Expert,615,
Rumor,ルーマー,24.0,24,863,Expert,490,
Saika,Saika,24.0,24,875,Expert,748,
Shoujo A,少女A,24.0,24,1265,Expert,666,
Shoujo Rei,少女レイ,24.0,24,1168,Expert,169,
SHOW OFF,てらてら,24.0,24,1035,Expert,257,
Smile Symphony,スマイル*シンフォニー,24.0,24,594,Expert,577,
Snow Fairy Story,Snow Fairy Story,24.0,24,912,Expert,612,
Snowman,スノーマン,24.0,24,1001,Expert,343,
Star of Heaven,みかぼし,24.0,24,984,Expert,518,
Starry sky melody,星空のメロディー,24.0,24,713,Expert,212,
Summertime Record,サマータイムレコード,24.0,24,1107,Expert,395,
Supernova,Supernova,24.0,24,750,Expert,457,
Sweet Magic,スイートマジック,24.0,24,920,Expert,41,
Sympathy,Sympathy,24.0,24,723,Expert,605,
Teammates,チームメイト,24.0,24,803,Expert,374,
Tenshi no Tsubasa。,天使の翼。,24.0,24,1072,Expert,326,
The Daughter of Evil,悪ノ娘,24.0,24,609,Expert,190,
The Future of Beginning,はじまりの未来,24.0,24,972,Expert,573,
The Servant of Evil,悪ノ召使,24.0,24,609,Expert,191,
The Snow White Princess is...,白い雪のプリンセスは,24.0,24,1273,Expert,355,
The Tailor of Enbizaka,円尾坂の仕立屋,24.0,24,842,Expert,347,
The Transient Apple Salesgirl,林檎売りの泡沫少女,24.0,24,1009,Expert,443,
The World Hasn't Even Started Yet,セカイはまだ始まってすらいない,24.0,24,774,Expert,51,
The World is Mine,ワールドイズマイン,24.0,24,1248,Expert,48,
This is the Happiness and Peace of Mind Committee,こちら、幸福安心委員会です。,24.0,24,898,Expert,279,
Tobidase! Wandapyoi,とびだせ！わんだぴょい,24.0,24,788,Expert,660,
Tokyo Summer Session,東京サマーセッション,24.0,24,892,Expert,621,
Touka Suru Ondo,透過する温度,24.0,24,608,Expert,716,
Traffic jam,トラフィック・ジャム,24.0,24,896,Expert,143,
Tricologe,トリコロージュ,24.0,24,860,Expert,203,
TSUGAIKOGARASHI,番凩,24.0,24,716,Expert,403,
Un-Lock,Un-Lock,24.0,24,894,Expert,393,
UNDERWATER,UNDERWATER,24.0,24,971,Expert,363,
Uninterrupted Indigo,絶え間なく藍色,24.0,24,1002,Expert,322,
Usseewa,うっせえわ,24.0,24,1035,Expert,204,
Viva Happy,ビバハピ,24.0,24,597,Expert,11,
Voice of The Beam,光線歌,24.0,24,700,Expert,634,
Wah Wah World,ワーワーワールド,24.0,24,789,Expert,77,
Wakusei Loop,惑星ループ,24.0,24,857,Expert,690,
WAVE,WAVE,24.0,24,794,Expert,522,
We are,私は、私達は,24.0,24,712,Expert,287,
We are the Stain Busters!,我らステインバスターズ！,24.0,24,797,Expert,400,
Weigh anchor,抜錨,24.0,24,831,Expert,458,
Who?,Who?,24.0,24,687,Expert,680,
Wonder Style,Wonder Style,24.0,24,888,Expert,362,
Worlders,Worlders,24.0,24,924,Expert,579,
Worldwide Wander,ワールドワイドワンダー,24.0,24,626,Expert,193,
Yoidore Shirazu,酔いどれ知らず,24.0,24,865,Expert,441,
yomosugara kimi omou,夜もすがら君想ふ,24.0,24,1004,Expert,255,
「１」,「１」,23.0,23,619,Expert,132,
39Music!,39みゅーじっく！,23.0,23,839,Expert,45,
Afterglow,Afterglow,23.0,23,727,Expert,309,
Aishiteita no ni,あいしていたのに,23.0,23,550,Expert,721,
alive,alive,23.0,23,804,Expert,82,
Aria,アリア,23.0,23,544,Expert,720,
Aun no Beats,阿吽のビーツ,23.0,23,802,Expert,245,
Because You're Here,愛されなくても君がいる,23.0,23,914,Expert,108,
Before the Snow Melts.,雪がとける前に,23.0,23,618,Expert,613,
Blazing,烈火,23.0,23,786,Expert,497,
blender,blender,23.0,23,812,Expert,404,
Blessing,Blessing,23.0,23,859,Expert,50,
Catch the Wave,Catch the Wave,23.0,23,739,Expert,699,
Change me,Change me,23.0,23,1019,Expert,265,
Charles,シャルル,23.0,23,701,Expert,19,
City,街,23.0,23,668,Expert,217,
Clear and Serene,明鏡止水,23.0,23,728,Expert,481,
Color of Drops,Color of Drops,23.0,23,796,Expert,89,
Connecting,Connecting,23.0,23,616,Expert,619,
Copycat,Copycat,23.0,23,752,Expert,247,
Coral,箱庭のコラル,23.0,23,862,Expert,324,
CrystalSnow,クリスタルスノウ,23.0,23,694,Expert,593,
Dear,Dear,23.0,23,1032,Expert,390,
DO RE MI FA Rondo,ドレミファロンド ,23.0,23,690,Expert,603,
Double Lariat,ダブルラリアット,23.0,23,936,Expert,256,
dreamin chuchu,どりーみんチュチュ,23.0,23,873,Expert,123,
DSCF,妄想感傷代償連盟,23.0,23,908,Expert,194,
DUNE,砂の惑星,23.0,23,873,Expert,219,
ECHO,ECHO,23.0,23,659,Expert,100,
Eleventh,イレヴンス,23.0,23,677,Expert,539,
Envy Baby,エンヴィーベイビー,23.0,23,969,Expert,402,
Epilogue without you,エピローグに君はいない,23.0,23,596,Expert,332,
Fighter,ファイター,23.0,23,641,Expert,684,
Float Planner,フロート・プランナー,23.0,23,685,Expert,295,
flos,flos,23.0,23,694,Expert,431,
Fondant Step,Fondant Step,23.0,23,679,Expert,618,
Goodbye,Goodbye,23.0,23,734,Expert,228,
Hajimete no Oto,ハジメテノオト,23.0,23,539,Expert,470,
Hand in Hand,Hand in Hand,23.0,23,809,Expert,44,
Happy Cheat Day,ハッピーチートデー,23.0,23,645,Expert,463,
Heartbeat #0822,心拍数♯0822,23.0,23,675,Expert,155,
Hidamari no Setsuna,陽だまりのセツナ,23.0,23,932,Expert,314,
Highlight,Highlight,23.0,23,596,Expert,263,
Hollow,虚ろを扇ぐ,23.0,23,908,Expert,280,
Hoshizora Orchestra,星空オーケストラ,23.0,23,1057,Expert,282,
hot wind,熱風,23.0,23,871,Expert,489,
IF,イフ,23.0,23,845,Expert,211,
Intergalactic Bound,Intergalactic Bound,23.0,23,918,Expert,464,
Interviewer,インタビュア,23.0,23,1006,Expert,330,
Irony,アイロニ,23.0,23,861,Expert,293,
Just Be Friends,Just Be Friends,23.0,23,811,Expert,27,
Karakuri Pierrot,からくりピエロ,23.0,23,714,Expert,147,
Karma,,23.0,23,920,Expert,599,
Kashika,仮死化,23.0,23,1019,Expert,267,
Kirapipi☆Kirapika,キラピピ★キラピカ,23.0,23,909,Expert,386,
Koufukukei,幸福刑,23.0,23,773,Expert,630,
Lagtrain,ラグトレイン,23.0,23,705,Expert,469,
living millennium,1000年生きてる,23.0,23,673,Expert,434,
Lonely Universe,ロンリーユニバース,23.0,23,781,Expert,269,
Love is War,恋は戦争,23.0,23,1081,Expert,365,
Lustrous,ラストラス,23.0,23,769,Expert,654,
Metamo Re:born,メタモリボン,23.0,23,580,Expert,209,
MOTTO!!!,MOTTO!!!,23.0,23,881,Expert,405,
Natsuyo No Uta,夏夜ノ唄,23.0,23,695,Expert,519,
New Worlds,,23.0,23,973,Expert,673,
Nomad,ノマド,23.0,23,515,Expert,189,
Nostalogic,Nostalogic,23.0,23,719,Expert,13,
Noten,脳天,23.0,23,901,Expert,545,
on the rocks,on the rocks,23.0,23,857,Expert,86,
On&On,On&On,23.0,23,712,Expert,426,
Plaything,,23.0,23,713,Expert,535,
Poka Poka Planet,ぽかぽかの星,23.0,23,783,Expert,617,
Ribbon,Ribbon,23.0,23,598,Expert,717,
saihate,サイハテ,23.0,23,840,Expert,556,
SEKAI,セカイ,23.0,23,735,Expert,76,
Sekai no Arukikata,世界の歩き方,23.0,23,683,Expert,739,
Shadow Shadow,Shadow Shadow,23.0,23,601,Expert,476,
Sharing the World,Sharing the World,23.0,23,937,Expert,318,
Shinkai Shoujo,深海少女,23.0,23,867,Expert,258,
Shinpaku Pairing,心拍ペアリング,23.0,23,575,Expert,382,
Solar System Disco,太陽系デスコ,23.0,23,1018,Expert,360,
STROBE LAST,ストロボラスト,23.0,23,725,Expert,305,
Suresure,すれすれ,23.0,23,521,Expert,442,
Tabi ni Kaeru,旅に帰る,23.0,23,670,Expert,742,
Tale of the Deep-sea Lily,ウミユリ海底譚,23.0,23,737,Expert,75,
Ten Thousand Stars,,23.0,23,835,Expert,453,
Thousand Little Voices,,23.0,23,749,Expert,528,
Thousand Year Solo,千年の独奏歌,23.0,23,791,Expert,223,
Time Machine,タイムマシン,23.0,23,719,Expert,8,
Torinokocity,トリノコシティ,23.0,23,753,Expert,242,
Totemoitai Itagaritai,とても痛い痛がりたい,23.0,23,817,Expert,94,
Uka,羽歌,23.0,23,714,Expert,740,
Unpoison,Unpoison,23.0,23,714,Expert,527,
Unsung Melodies,,23.0,23,615,Expert,419,
Waltz of the Deceased,去り人達のワルツ,23.0,23,672,Expert,192,
Yuke,征け,23.0,23,701,Expert,600,
Achikochi Date-san,あちこちデートさん,22.0,22,693,Expert,516,
Aioi,相生,22.0,22,879,Expert,351,
Bloom in mud,泥中に咲く,22.0,22,646,Expert,270,
Dawn and Fireflies,夜明けと蛍,22.0,22,691,Expert,311,
glow,glow,22.0,22,875,Expert,339,
Hello/How Are You?,ハロ／ハワユ,22.0,22,690,Expert,66,
Hitorinbo Envy,独りんぼエンヴィー,22.0,22,544,Expert,74,
Ichi Ni no San de,いちにのさんで,22.0,22,595,Expert,292,
Ikiru,生きる,22.0,22,536,Expert,644,
Jishoumushoku,自傷無色,22.0,22,614,Expert,67,
Kanadetomosusora,カナデトモスソラ,22.0,22,522,Expert,149,
Kazatte,飾って,22.0,22,515,Expert,572,
kokoronashi,心做し,22.0,22,676,Expert,358,
Kokuhaku,告白,22.0,22,565,Expert,662,
Love material,アイノマテリアル,22.0,22,643,Expert,144,
Love Trial,恋愛裁判,22.0,22,889,Expert,87,
Meru,メリュー,22.0,22,632,Expert,218,
MONSTER,,22.0,22,864,Expert,640,
Near,ニア,22.0,22,702,Expert,73,
once upon a dream,ワンスアポンアドリーム,22.0,22,683,Expert,105,
Packaged,Packaged,22.0,22,739,Expert,604,
Passion at 25:00,25時の情熱,22.0,22,625,Expert,409,
Reborn,再生,22.0,22,458,Expert,142,
SAIRAI,SAIRAI,22.0,22,601,Expert,747,
Sono E no Namae wa,その絵の名前は,22.0,22,514,Expert,597,
Sorega Anata No Shiawase To Shitemo,それがあなたの幸せとしても,22.0,22,615,Expert,294,
Strata de Machiawase,ストラタでまちあわせ,22.0,22,441,Expert,738,
Tell Your World,Tell Your World,22.0,22,961,Expert,1,
The Light That Dwells Here,そこに在る、光。,22.0,22,403,Expert,564,
Twilight Light,トワイライトライト,22.0,22,520,Expert,384,
Anata no Sora ga Naku no Nara,あなたの空が泣くのなら,21.0,21,478,Expert,659,
Comet Galaxy,彗星ノ銀河,21.0,21,688,Expert,526,
Kimi no Yoru wo Kure,君の夜をくれ,21.0,21,482,Expert,237,
Layer Note,レイヤーノートー,21.0,21,563,Expert,532,
Made to Order,オーダーメイド,21.0,21,480,Expert,196,
Sad Machine,,21.0,21,495,Expert,609,
"Sky Passing Around, Moon Rabbit",回る空うさぎ,21.0,21,607,Expert,607,
Where shall we go?,Where shall we go?,21.0,21,594,Expert,338,
Yokanimotorete,余花にみとれて,21.0,21,599,Expert,500,
,,,,,,,
,,,,,,,
,,,,,,,RERATES
,,,,,,,
Pheles,フェレス,32.4,APD 31,1744,Append,291,RATING: mix of 39s and UnCh OS
Artifact,,30.5,30,1139,Master,694,RATING: temp too lazy to update en constants
Chu! Future☆Express!,,30.4,30,1287,Master,701,
NAKAKAPAGPABAGABAG,,30.2,30,1124,Master,563,
,,,,,,,changing constants to match what was suggested 
I want to be your heart,だれかの心臓になれたなら,29.9,29+,1044,Master,152,
Highlight,Highlight,28.1,28,690,Master,263,
The World is Mine,ワールドイズマイン,29.4,29,1417,Master,48,
Teammates,チームメイト,30.3,30,1090,Master,374,
39Music!,39みゅーじっく！,28.4,28,1039,Master,45,
From Tokyo,フロムトーキョー,28.4,28,814,Master,130,
Step for a Crescent,三日月ステップ,28.2,28,969,Master,580,
,,,,,,,
,,,,,,,
,,,,,,,updating old constants (based also on constant suggestions)
on the rocks,on the rocks,27.5,27,1004,Master,86,
The Daughter of Evil,悪ノ娘,27.1,27,784,Master,190,
Pulse of the Meteor,流星のパルス,31.4,31,1123,Master,173,
Judas,ジウダス,28.7,28+,898,Master,215,
Aun no Beats,阿吽のビーツ,29.5,29,918,Master,245,
Chururira Chururira Daddadda!,チュルリラ・チュルリラ・ダッダッダ！,31.8,31+,1401,Master,88,
Our 16bit Wars,ぼくらの16bit戦争,33.6,33+,1521,Master,249,
Planet Hero,プラネットヒーロー,33.1,33,1467,Master,588,
Hide and Seek,ハイドアンド・シーク,28.0,28,898,Master,438,
"Can't Defeat ""Take No Notice Boys""",難聴系男子が倒せない,30.1,30,1234,Master,341,
,,,,,,,
,,,,,,,
,,,,,,,mas 26/25 rerates to match expert constants
Hitorinbo Envy,独りんぼエンヴィー,26.9,26+,589,Master,74,
Kimi no Yoru wo Kure,君の夜をくれ,26.9,26+,662,Master,237,
Twilight Light,トワイライトライト,26.8,26+,619,Master,384,
,,,,,Master,,
,,,,,,,
,,,,,,,
,,,,,,,Fixing 39s sheet song translations
,,,,,,,
,,,,,,,
,,,,,,,
,,,,,,,
,,,,,,,temp is lazy
,,,,,,,
shrimp miku,,28.1,28,793,Master,725,
LOVELY♥CAVITY,,29.1,29,962,Master,736,
Cheerleader (feat. Hatsune Miku),,27.2,27,912,Master,762,
CONNECT:COMMUNE ,,30.2,30,1132,Master,786,
Hanataba,ハナタバ,28.4,28,938,Master,759,
Lapse,ラプス,29.6,29+,1081,Master,758,
Astronauts,アストロノーツ,25.5,25,523,Master,792,
City Lights,シティライツ,29.5,29,943,Master,791,
Pikkoon!!,ピッコーン！！,27.7,27+,1056,Master,790,
REM,レム,26.0,26,537,Master,765,
"Tenbin, Yubisaki de Furete",天秤、指先で触れて,28.3,28,1012,Master,789,
De Los Santos,デロスサントス,29.4,29,936,Master,794,
Ichiokunen Koi Shiteru,一億年恋してる,31.6,31+,1310,Master,795,
Children Record,チルドレンレコード,34.5,APD 34,1627,Append,136,
Additional Memory,アディショナルメモリー,31.3,31,1226,Master,751,
Otsukimi Recital,オツキミサイダル,29.3,29,1104,Master,764,
Losstime Memory,ロスタイムメモリー,31.5,31,1314,Master,750,
Kuusou Forest,空想フォレスト,29.4,29,925,Master,753,
Ayano no Koufuku Riron,アヤノの幸福理論,27.1,27,749,Master,752,
Stardust Rain,スターダストレイン,27.4,27,827,Master,728,
Room for a Fantasy,,29.3,29,943,Master,787,
Kimi ni Okuru Mirai,君に贈る未来,30.3,30,1195,Master,802,
Anti Sainou,アンチサイノウ,30.2,30,854,Master,788,
Sora ni menjite,空に免じて,26.1,26,539,Master,803,
shake it!,shake it!,28.4,28,985,Master,550,
Seikai,正解,,31,1210,Master,804,
,,,,,,,
,,,,,,,KR / CN EXCLUSIVES
,,,,,,,
Jangsanbeom,장산범,28.7,28+,853,Master,10001,
Alone,,28.5,28,1035,Master,10002,
Individual Combat,각개전투,29.8,29+,1213,Master,10003,
Raining Cherry Blossom,벚꽃비,31.2,31,1168,Master,10004,
Starlight Serenade,별빛 세레나데,28.5,28,1353,Master,10005,
Secret Puppetry II,비밀 인형극 II,29.7,29+,1007,Master,10006,
Carpe Diem!,,28.3,28,779,Master,10007,
Nail: in Disguise ,둔갑,29.6,29+,957,Master,10008,
Umbrella ,우산,27.6,27,988,Master,10009,
Shimiyuku,시미유쿠,28.3,28,940,Master,10010,
,,,,,,,
yiyang,一样,30.4,30,789,Master,11008,
Pick Me Up,,28.3,28,874,Master,11001,
My Stage With You,,29.4,29,854,Master,11002,
Step Foward,踏步、出发,26.7,26+,583,Master,11003,
First Storm,初岚,31.5,31,1414,Master,11004,
We Leave The World Together,,29.2,29,670,Master,11005,
Girl in the Mirror,镜中少女,27.7,27+,871,Master,11006,
Dream Color Planet,梦色星球,30.2,30,1045,Master,11007,
Low Chroma Notes,低彩度记事,30.6,30+,907,Master,11009,
mae no hanashi,前ノハナシ (来都来了),30.8,30+,1117,Master,11012,
Hype Dive,,29.3,29,816,Master,11017,
Crossing the Coastline,越过海岸线,28.7,28+,1012,Master,11010,
Yue Xijiang: Spring Thunder,月西江·春雷,26.2,26,610,Master,11014,
Obesity = Fattening Frustration Song ,ヒマン=ヒダイ焦燥曲 (肥肥焦躁曲),31.5,31,1215,Master,11013,
MAI MAI MAI,まいまいまい (买买买),29.4,29,813,Master,11015,
Mag1c,,29.7,29+,1008,Master,11016,
,,,,,,,
,,,,,,,
Jangsanbeom,장산범,25.0,25,,Expert,10001,
Alone,,25.0,25,,Expert,10002,
Individual Combat,각개전투,24.0,24,,Expert,10003,
Raining Cherry Blossom,벚꽃비,26.3,26,1101,Expert,10004,
Starlight Serenade,별빛 세레나데,23.0,23,,Expert,10005,
Secret Puppetry II,비밀 인형극 II,23.0,23,,Expert,10006,
Carpe Diem!,,23.0,23,,Expert,10007,
Nail: in Disguise ,둔갑,24.0,24,,Expert,10008,
Umbrella ,우산,23.0,23,891,Expert,10009,
Shimiyuku,시미유쿠,23.0,23,737,Expert,10010,
,,,,,,,
Pick Me Up,,23.0,23,,Expert,11001,
My Stage With You,,25.4,25,,Expert,11002,
Step Foward,踏步、出发,21.0,21,,Expert,11003,
First Storm,初岚,27.9,27+,,Expert,11004,
We Leave The World Together,,22.0,22,,Expert,11005,
Girl in the Mirror,镜中少女,22.0,22,,Expert,11006,
Dream Color Planet,梦色星球,25.0,25,,Expert,11007,
yiyang,一样,25.0,25,,Expert,11008,
Low Chroma Notes,低彩度记事,24.0,24,,Expert,11009,
mae no hanashi,前ノハナシ (来都来了),24.0,24,,Expert,11012,
Hype Dive,,24.0,24,,Expert,11017,
Crossing the Coastline,越过海岸线,23.0,23,,Expert,11010,
Yue Xijiang: Spring Thunder,月西江·春雷,21.0,21,,Expert,11014,
Obesity = Fattening Frustration Song ,ヒマン=ヒダイ焦燥曲 (肥肥焦躁曲),26.7,26+,,Expert,11013, 
MAI MAI MAI,まいまいまい (买买买),24.0,24,,Expert,11015,
Mag1c,,24.0,24,,Expert,11016,
,,,,,,,
,,,,,,,
,,,,,,,
,,,,,,,EXPERT & BELOW
,,,,,,,
Teo,テオ,27.9,27+,997,Expert,3,
Kagerou Daze,カゲロウデイズ,27.9,27+,1295,Expert,171,
Future Eve,フューチャー・イヴ,27.9,27+,1462,Expert,273,
Chou Night of Knights,超ナイト・オブ・ナイツ,27.9,27+,1201,Expert,622,
,,,,,,,
NEXT NEST,ネクストネスト,27.8,27+,983,Expert,43,
Greenlights Serenade,グリーンライツ・セレナーデ,27.8,27+,1034,Expert,46,
Tondemo-Wonderz,トンデモワンダーズ,27.8,27+,1122,Expert,127,
Children Record,チルドレンレコード,27.8,27+,1234,Expert,136,
SnowMix♪,SnowMix♪,27.8,27+,1321,Expert,327,
In Case You're Gonna Jump,君が飛び降りるのならば,27.8,27+,970,Expert,641,
,,,,,,,
Soudatta!!,そうだった！！,27.7,27+,1175,Expert,165,
Theme of Niccori Survey Team,にっこり^^調査隊のテーマ,27.7,27+,1026,Expert,178,
kyu-kurarin,きゅうくらりん,27.7,27+,1141,Expert,361,
ARQETYPE,ARQETYPE,27.7,27+,827,Expert,406,
CIRCUS PANIC!!!,CIRCUS PANIC!!!,27.7,27+,1083,Expert,408,
syndrome,心泥夢(syndrome),27.7,27+,1221,Expert,444,
Odoryanse,おどりゃんせ,27.7,27+,1100,Expert,559,
Rulebook,ルルブ,27.7,27+,1143,Expert,587,
We are Pico Pico Hammers!!!!,ウィーアーピコピコハンマーズ!!!!,27.7,27+,1125,Expert,688,
,,,,,,,
Doctor=Funk Beat,ドクター=ファンクビート,27.6,27+,984,Expert,28,
Ghost Rule,ゴーストルール,27.6,27+,1174,Expert,199,
Tokugawa Cupnoodle Prohibition,徳川カップヌードル禁止令,27.6,27+,1065,Expert,234,
Fräulein=Biblioteca,フロイライン＝ビブリォチカ,27.6,27+,1222,Expert,251,
Childish War,おこちゃま戦争,27.6,27+,1259,Expert,307,
TRASH and TRASH!,トラッシュ・アンド・トラッシュ！,27.6,27+,1022,Expert,335,
Brain Revolution Girl,脳内革命ガール,27.6,27+,1189,Expert,344,
Setsuna Trip,セツナトリップ,27.6,27+,1275,Expert,354,
Manhattan,マンハッタン,27.6,27+,901,Expert,590,
SAI LOVE JINSEI RUNNER,最愛人生ランナー,27.6,27+,1039,Expert,689,
99 Glooms,99 Glooms,27.6,27+,1017,Expert,749,
,,,,,,,
Incomplete Anthem,未完成讃歌,27.5,27,1324,Expert,254,
Vampire's ∞ pathoS,Vampire's ∞ pathoS,27.5,27,992,Expert,334,
Eternal Aria,エターナルアリア,27.5,27,1272,Expert,364,
Zunda Party Night,ずんだパーリナイ,27.5,27,1407,Expert,379,
Bake no Hana,化けの花,27.5,27,875,Expert,549,
Parry,パリィ,27.5,27,963,Expert,553,
Chuubyou Gekihatsu Boy,厨病激発ボーイ,27.5,27,1118,Expert,581,
Fräulein = Ojousama,フロイライン＝オジョウサマ,27.5,27,1130,Expert,714,
Losstime Memory,ロスタイムメモリー,27.5,27,997,Expert,750,
,,,,,,,
Angel's Clover,天使のクローバー,27.4,27,985,Expert,112,
ONESELF,ONESELF,27.4,27,1063,Expert,227,
My Love Is Hellfire,私の恋はヘルファイア,27.4,27,1491,Expert,301,
Shinjinrui,新人類,27.4,27,1285,Expert,381,
Tokimeki Jet Coaster,ときめきジェットコースター,27.4,27,1016,Expert,428,
Play With Fire,ヒアソビ,27.4,27,1053,Expert,433,
Heat Abnormal,熱異常,27.4,27,978,Expert,451,
16-Year Old's Heart,十六歳の心臓,27.4,27,1162,Expert,468,
Violence Trigger,バイオレンストリガー,27.4,27,1277,Expert,703,
CHAOS,CHAOS,27.4,27,890,Expert,744,
Additional Memory,アディショナルメモリー,27.4,27,955,Expert,751,
Anti Sainou,アンチサイノウ,27.4,27,790,Expert,788,
,,,,,,,
Seikai,正解,27.3,27,815,Expert,804,
Tonal Twinkle Tetrad,世界を照らすテトラッド,27.3,27,850,Expert,411,
KILLER,キラー,27.3,27,825,Expert,474,
Fusion,フュージョン,27.3,27,1056,Expert,555,
Tensai Rock,天才ロック,27.3,27,1148,Expert,631,
,,,,,,,
spring storm,春嵐,27.2,27,1095,Expert,392,
,,,,,,,
CYBERPUNK DEAD BOY,サイバーパンクデッドボーイ,27.1,27,917,Expert,452,
Angel,アンヘル,27.1,27,917,Expert,562,
,,,,,,,
,,,,,,,
,,,,,,,
,,,,,,,
,,,,,,,
Jack Pot Sad Girl,ジャックポットサッドガール,26.9,26+,647,Expert,62,
Positive☆Dance Time,ポジティブ☆ダンスタイム,26.9,26+,965,Expert,122,
fixer,フィクサー,26.9,26+,948,Expert,183,
Lower one's eyes,ロウアー,26.9,26+,780,Expert,187,
Opera! Space Opera!,オペラ！スペースオペラ！,26.9,26+,986,Expert,450,
Saitama 2000,さいたま2000,26.9,26+,659,Expert,707,
Gimme×Gimme,Gimme×Gimme,26.9,26+,842,Expert,83,
Touhou☆Wonderland,とうほう☆ワンダーランド,26.9,26+,806,Expert,623,
Disco No.39,Disco No.39,26.9,26+,950,Expert,399,
Sick of House!,しっくおぶはうす！,26.9,26+,1107,Expert,185,
,,,,,,,
Fish and Tips,フィッシュアンドTips,26.8,26+,833,Expert,626,
Mesmerizer,メズマライザー,26.8,26+,1218,Expert,531,
Composing the Future,悔やむと書いてミライ,26.8,26+,815,Expert,60,
Rollin Girl,ローリンガール,26.8,26+,1156,Expert,113,
Cirno's Perfect Math Class,チルノのパーフェクトさんすう学園,26.8,26+,999,Expert,624,
Lost One's Weeping,ロストワンの号哭,26.8,26+,947,Expert,98,
Egoist,エゴイスト,26.8,26+,1303,Expert,299,
Piano × Forte × Scandal,ピアノ×フォルテ×スキャンダル,26.8,26+,1042,Expert,222,
I am you,Iなんです,26.8,26+,910,Expert,304,
junky nighttown orchestra,ジャンキーナイトタウンオーケストラ,26.8,26+,1070,Expert,84,
Stardust Medley,スターダストメドレー,26.8,26+,1215,Expert,380,
Chururira Chururira Daddadda!,チュルリラ・チュルリラ・ダッダッダ！,26.8,26+,1246,Expert,88,
MORE! JUMP! MORE!,モア！ジャンプ！モア！,26.8,26+,1011,Expert,99,
Wanderlast,ワンダーラスト,26.8,26+,1418,Expert,711,
,,,,,,,
Unknown Mother-Goose,アンノウン・マザーグース,26.7,26+,1080,Expert,115,
Override,オーバーライド,26.7,26+,1004,Expert,521,
Ura-Omote Lovers,裏表ラバーズ,26.7,26+,1017,Expert,114,
Mr. Showtime,Mr. Showtime,26.7,26+,1341,Expert,333,
Be The MUSIC!,Be The MUSIC!,26.7,26+,1121,Expert,336,
88☆彡,88☆彡,26.7,26+,1088,Expert,224,
RAD DOGS,RAD DOGS,26.7,26+,1067,Expert,101,
All I Need Are Things I Like,すきなことだけでいいです,26.7,26+,1081,Expert,367,
We Are Different !!! (or Same),ちがう!!!,26.7,26+,930,Expert,475,
HERO,HERO,26.7,26+,1194,Expert,414,
Bug,バグ,26.7,26+,1101,Expert,248,
Pheles,フェレス,26.7,26+,1374,Expert,291,
Evil Food Eater Conchita,悪食娘コンチータ,26.7,26+,791,Expert,349,
,,,,,,,
Hated by Life,命に嫌われている,26.6,26+,756,Expert,22,
Poppin' Candy☆Fever!,ポッピンキャンディ☆フィーバー！,26.6,26+,1140,Expert,494,
Alter Ego,オルターエゴ,26.6,26+,1175,Expert,167,
All-Save Challenge,オールセーブチャレンジ,26.6,26+,795,Expert,538,
White Happy,ホワイトハッピー,26.6,26+,939,Expert,651,
I know I know,I know 愛脳,26.6,26+,1016,Expert,504,
Chu! Future☆Express!,,26.6,26+,1062,Expert,701,
Kareshi no Jude,カレシのジュード,26.6,26+,1184,Expert,652,
Hurray,フレー,26.6,26+,1067,Expert,302,
Awaiting Clear Skies,霽れを待つ,26.6,26+,974,Expert,97,
Milk Crown on Sonechka,ミルククラウン・オン・ソーネチカ,26.6,26+,1025,Expert,107,
Last Score,ラストスコア,26.6,26+,1050,Expert,197,
Letter to the Black World,黒塗り世界宛て書簡,26.6,26+,930,Expert,704,
Jet Black,ジェットブラック,26.6,26+,1052,Expert,687,
The Peachy Key,ももいろの鍵,26.6,26+,1073,Expert,308,
Relayouter,リレイアウター,26.6,26+,960,Expert,435,
Non-breath oblige,ノンブレス・オブリージュ,26.6,26+,1071,Expert,268,
Venom,ベノム,26.6,26+,972,Expert,145,
Your Adventure Log Has Vanished!,ぼうけんのしょがきえました！,26.6,26+,951,Expert,78,
World's End Dancehall,ワールズエンド・ダンスホール,26.6,26+,957,Expert,119,
Nyanyanyanyanyanyanya!,Nyanyanyanyanyanyanya!,26.6,26+,,Expert,713,
Ichiokunen Koi Shiteru,一億年恋してる,26.6,26+,904,Expert,795,senna review
,,,,,,,
Yobanashi Deceive,夜咄ディセイブ,26.5,26,1165,Expert,81,
Unhappy Refrain,アンハッピーリフレイン,26.5,26,1137,Expert,288,
Red Land Marker,レッドランドマーカー,26.5,26,1018,Expert,462,
Accelerate,アクセラレイト,26.5,26,810,Expert,583,
Hanamusubi,花結び,26.5,26,989,Expert,695,
Rocket Cider,ロケットサイダー,26.5,26,1110,Expert,665,
Marshmary,マシュマリー,26.5,26,1123,Expert,157,
Dance Robot Dance,ダンスロボットダンス,26.5,26,927,Expert,68,
Envy Catwalk,エンヴィキャットウォーク,26.5,26,932,Expert,595,
Shama,紗痲,26.5,26,1088,Expert,620,
Law-evading Rock,脱法ロック,26.5,26,972,Expert,21,
Silver Collector,シルバーコレクター,26.5,26,1113,Expert,496,
Merry-Go-Round,メリーゴーラウンド,26.5,26,874,Expert,517,
lavie,ラヴィ,26.5,26,1080,Expert,723,
Life Will Change,Life Will Change,26.5,26,973,Expert,648,
I Maker!,アイ・マイカー,26.5,26,1118,Expert,741,
,,,,,,,
Blue Planet,ブループラネット,26.4,26,1287,Expert,357,
(Not) A Devil,デビルじゃないもん,26.4,26,854,Expert,412,
good bye heaven,サヨナラ天国また来て地獄,26.4,26,723,Expert,649,
Surges,Surges,26.4,26,950,Expert,632,
Devil's Manner,悪魔の踊り方,26.4,26,792,Expert,133,
Genten,げんてん,26.4,26,1021,Expert,669,
Identity,アイデンティティ,26.4,26,1196,Expert,231,
snooze,snooze,26.4,26,961,Expert,554,
Stella,ステラ,26.4,26,955,Expert,64,
Close to gray,限りなく灰色へ,26.4,26,818,Expert,90,
"Help me, ERINNNNNN!!","Help me, ERINNNNNN!!",26.4,26,1168,Expert,502,
Cute na Kanojo,キュートなカノジョ,26.4,26,1006,Expert,391,
Suicide Parade,スーサイドパレヱド,26.4,26,918,Expert,606,
Mahou Shoujo Koufukuron,魔法少女幸福論,26.4,26,982,Expert,715,
,,,,,,,
Secret Seeker,シークレット・シーカー,26.3,26,894,Expert,569,
Artifact,,26.3,26,1008,Expert,694,
D/N/A,D/N/A,26.3,26,913,Expert,596,
Explore,エクスプロウル,26.3,26,1024,Expert,636,
Ruma,ルマ,26.3,26,899,Expert,601,
Osmanthus,金木犀,26.3,26,814,Expert,418,
Dameningenda!,だめにんげんだ!,26.3,26,917,Expert,482,
Liar Dancer,ライアーダンサー,26.3,26,892,Expert,509,
Selfish princess,我儘姫,26.3,26,1040,Expert,376,
Haven,ヘイヴン,26.3,26,875,Expert,508,
Lose the Princess,さよならプリンセス,26.3,26,812,Expert,413,
Venus,ヴィーナス,26.3,26,1124,Expert,663,
CONNECT:COMMUNE ,,26.3,26,987,Expert,786,
,,,,,,,
Hitomania,人マニア,26.2,26,1000,Expert,664,
Regulus,レグルス,26.2,26,949,Expert,423,
Marshall Maximizer,マーシャル・マキシマイザー,26.2,26,694,Expert,410,
limbo,limbo,26.2,26,900,Expert,416,
Goodbye Declaration,グッバイ宣言,26.2,26,1017,Expert,198,
O-Barcode,オーバーコード,26.2,26,1113,Expert,446,
Protodisco,プロトディスコ,26.2,26,913,Expert,561,
Hoshizora Melancholia,星宙メランコリア,26.2,26,1004,Expert,608,
Slow Downer,スロウダウナー,26.2,26,1054,Expert,378,note: sections with literally nothing
HANAOBORE,花溺れ,26.2,26,780,Expert,557,
Senbonzakura,千本桜,26.2,26,1000,Expert,110,
,,,,,,,
Kibou no tsuki,幾望の月,26.1,26,892,Expert,456,
"Still, we never stop singing",それでも僕らは歌うことをやめない,26.1,26,705,Expert,524,
Monitoring,モニタリング,26.1,26,901,Expert,628,
Niwashi no Ohanashi ni Yoru to,庭師のおはなしによると,26.1,26,1121,Expert,633,
i DO what i WANT,,26.1,26,751,Expert,657,
Odo,踊,26.1,26,882,Expert,205,
,,,,,,,
FAKE HEART,,26.0,26,778,Expert,514,
,,,,,,,
,,,,,,,
,,,,,,,
,,,,,,,
,,,,,,,
,,,,,,,
,,,,,,,
,,,,,,,
The Bubble Future,泡沫未来,25.9,25+,750,Expert,151,
The Vampire,ヴァンパイア,25.9,25+,1029,Expert,213,
Rin-chan Now!,リンちゃんなう！,25.9,25+,1098,Expert,303,
"Hello,world!","Hello,world!",25.9,25,900,Expert,184,
Lost and Found,ロストエンファウンド,25.9,25,1082,Expert,226,
,,,,,,,
manimani,まにまに,25.8,25,893,Expert,401,
Blood Doll,ブラッドドール,25.8,25+,795,Expert,656,
Judas,ジウダス,25.8,25+,769,Expert,215,
Singing of a flower,花を唄う,25.8,25,807,Expert,137,
,,,,,,,
Samsa,ザムザ,25.7,25,779,Expert,300,
KLY (1000 Light Years),一千光年,25.7,25+,941,Expert,439,
Waraetara Ee Yan!,笑えたらえーやん！,25.7,25,878,Expert,637,
Vocalo-Colosseum,ぼかろころしあむ,25.7,25,805,Expert,692,
Parasol Cider,パラソルサイダー,25.7,25,796,Expert,264,
,,,,,,,
needLe,needLe,25.6,25,889,Expert,63,
BRING IT ON,劣等上等,25.6,25,825,Expert,26,
Shanti,シャンティ,25.6,25,942,Expert,276,
Cosmospice,コスモスパイス,25.6,25+,849,Expert,233,
We're Still Underground,僕らまだアンダーグラウンド,25.6,25+,920,Expert,208,
YY,YY,25.6,25+,976,Expert,266,
SEIBAIITAAAAASU!,成敗いたAAAAAす！,25.6,25,1022,Expert,472,
AI no UTA,あいのうた,25.6,25,950,Expert,467,
Cendrillon 10th Anniversary,サンドリヨン 10th Anniversary,25.6,25,735,Expert,104,
Main Character,メインキャラクター,25.6,25,951,Expert,541,
,,,,,,,
Room for a Fantasy,,25.5,25,811,Expert,787,
Synthesize You,合成するミライ,25.5,25,969,Expert,512,
Antenna 39,アンテナ39,25.5,25,1139,Expert,525,
DarlingDance,ダーリンダンス,25.5,25,824,Expert,168,
NAKAKAPAGPABAGABAG,,25.5,25,882,Expert,563,
Beat Eater,Beat Eater,25.5,25,772,Expert,156,
Marionette Dancer,マリオネットダンサー,25.5,25,860,Expert,639,
Mahou Shoujo to Chocolate,魔法少女とチョコレゐト ,25.5,25,797,Expert,700,
Anata Shika Mienai no, あなたしか見えないの,25.5,25,969,Expert,682,
Raspberry Monster,ラズベリー＊モンスター,25.5,25,933,Expert,705,
DOKUZU,ド屑,25.5,25,844,Expert,455,
,,,,,,,
My Palette is Full of You,パレットには君がいっぱい,25.4,25,900,Expert,214,
Konton Boogie,混沌ブギ,25.4,25,962,Expert,499,
Luka Luka★Night Fever,ルカルカ★ナイトフィーバー,25.4,25,950,Expert,216,gold flicks on normal holds
mousou aspartame,妄想アスパルテーム,25.4,25,828,Expert,544,
One Sheep,ひつじがいっぴき,25.4,25,1120,Expert,316,
Cat Loving,キャットラビング,25.4,25,934,Expert,491,
Star,スター,25.4,25,799,Expert,570,
Culture,カルチャ,25.4,25,797,Expert,529,
Blackjack,Blackjack,25.4,25,921,Expert,542,
Hao,ハオ (好),25.4,25,964,Expert,724,
Tetoris,テトリス,25.4,25,653,Expert,627,
Dramaturgy,ドラマツルギー,25.4,25,747,Expert,91,
Call Boy,コールボーイ,25.4,25,809,Expert,505,
Salamander,サラマンダー,25.4,25,1186,Expert,230,
Ima Sugi Rinne,いますぐ輪廻,25.4,25,796,Expert,733,
,,,,,,,
Kisaragi Attention,如月アテンション,25.3,25,855,Expert,511,
Cool Me Down,Cool Me Down,25.3,25,1159,Expert,425,
ramune,ラムネ,25.3,25,951,Expert,702,
Step for a Crescent,三日月ステップ,25.3,25,891,Expert,580,
Eien Hanahadashii,25.3,25.3,25,930,Expert,706,
Fuel,フューエル,25.3,25,698,Expert,478,
Realize,リアライズ,25.3,25,744,Expert,356,
Yoshiwara Lament second edition,吉原ラメント 再来盤,25.3,25,1135,Expert,591,
Balleriko,バレリーコ,25.3,25,965,Expert,589,
FUN!!,FUN!!,25.3,25,622,Expert,575,
About me,About me,25.3,25,863,Expert,643,
Hanataba,ハナタバ,25.3,25,894,Expert,759,
,,,,,,,
Filament Fever,フィラメントフィーバー,25.2,25,864,Expert,397,
hoshi ni ichiban chikai basho,星に一番近い場所,25.2,25,964,Expert,681,
It's just life,命ばっかり,25.2,25,1037,Expert,352,
Medicine,イガク,25.2,25,892,Expert,515,
Queen of Hearts,クイーンオブハート,25.2,25,1189,Expert,592,
Fire◎Flower (Rerec),Fire◎Flower (Rerec),25.2,25,734,Expert,536,
Pentatonic,ペンタトニック,25.2,25,733,Expert,585,
Yankee Boy Yankee Girl,ヤンキーボーイ・ヤンキーガール,25.2,25,903,Expert,586,
When the First Love Ends,初めての恋が終わる時,25.2,25,822,Expert,407,
Nisemono Ningen 40-gou,偽物人間40号,25.2,25,775,Expert,571,
Sono Oto ga Naru Nara,その音が鳴るなら,25.2,25,952,Expert,546,
"A Glimmer, 1/f fluctuation",幽光、1/fのゆらめき,25.2,25,718,Expert,427,
Masquerade,Masquerade,25.2,25,868,Expert,746,
Beyond the way,Beyond the way,25.2,25,737,Expert,398,
,,,,,,,
Kono Manma de Ikou,このまんまでいこう,25.1,25,738,Expert,642,
Last of Me,,25.1,25,1084,Expert,598,
"Maku o Orosou, Parade e",幕を下ろそう、パレードへ,25.1,25,861,Expert,718,
Call!!,Call!!,25.1,25,549,Expert,594,
"Love Me, Love Me, Love Me",愛して愛して愛して,25.1,25,928,Expert,181,
Amanojaku,天ノ弱,25.1,25,982,Expert,289,
Kaiju ni Naritai,怪獣になりたい,25.1,25,1200,Hard,,hard not supported
,,,,,,,
Hibikase,ヒビカセ,25.0,25,898,Expert,109,
Hashiru! Tooku! Todoku!,はしる! とおく! とどく!,25.0,25,742,Expert,498,
,,,,,,,
Shippaisaku Shoujo,失敗作少女,25.0,25,805,Expert,510,
Eyelid,アイリッド,25.0,25,813,Expert,560,
Bad ∞ End ∞ Night,Bad ∞ End ∞ Night,25.0,25,875,Expert,278,
Blue Star,Blue Star,25.0,25,1046,Expert,342,
Booo!,Booo!,25.0,25,823,Expert,320,
Calc.,Calc.,25.0,25,1126,Expert,243,
DAYBREAK FRONTLINE,DAYBREAK FRONTLINE,25.0,25,1102,Expert,253,
DREAM PLACE,DREAM PLACE,25.0,25,937,Expert,252,
drop pop candy,drop pop candy,25.0,25,773,Expert,15,
Glory Steady Go!,Glory Steady Go!,25.0,25,738,Expert,166,
Happy Halloween,Happy Halloween,25.0,25,827,Expert,172,
"Hello, Worker","Hello, Worker",25.0,25,773,Expert,286,
Henceforth,Henceforth,25.0,25,916,Expert,484,
imaginary love story,imaginary love story,25.0,25,1019,Expert,420,
Journey,Journey,25.0,25,1285,Expert,235,
KING,KING,25.0,25,1002,Expert,138,
Leia - Remind,Leia - Remind,25.0,25,970,Expert,85,
magic number,magic number,25.0,25,818,Expert,161,
METEOR,METEOR,25.0,25,1160,Expert,337,
NEO,NEO,25.0,25,939,Expert,366,
Peaky Peaky,Peaky Peaky,25.0,25,747,Expert,207,
QUEEN,QUEEN,25.0,25,1164,Expert,506,
Ready Steady,Ready Steady,25.0,25,564,Expert,54,
STAGE OF SEKAI,STAGE OF SEKAI,25.0,25,1005,Expert,159,
SToRY,SToRY,25.0,25,705,Expert,574,
the WALL,the WALL,25.0,25,815,Expert,259,
Twilight Melody,Twilight Melody,25.0,25,943,Expert,445,
ULTRA C,ULTRA C,25.0,25,651,Expert,471,
Voices,Voices,25.0,25,1144,Expert,236,
IDSMILE,アイディスマイル,25.0,25,985,Expert,116,
I'm Mine,アイムマイン,25.0,25,1058,Expert,368,
Night Sky Patrol of Tomorrow,アスノヨゾラ哨戒班,25.0,25,1073,Expert,18,
Attract Light,アトラクトライト,25.0,25,1295,Expert,321,
Do not go,いかないで,25.0,25,977,Expert,120,
villain,ヴィラン,25.0,25,984,Expert,170,
"Eh? Aa, Sou.",え？あぁ、そう。,25.0,25,838,Expert,437,
Alien Alien,エイリアンエイリアン,25.0,25,1208,Expert,246,
Ego rock,エゴロック,25.0,25,1041,Expert,225,
Tears of Garnet,ガーネットの涙,25.0,25,774,Expert,466,
Cutlery,カトラリー,25.0,25,686,Expert,111,
This Messed Up Wonderful World Exists For Me,このふざけた素晴らしき世界は、僕の為にある,25.0,25,946,Expert,625,
Gehenna,ジェヘナ,25.0,25,1177,Expert,272,
Showtime Ruler,ショウタイム・ルーラー,25.0,25,819,Expert,160,
Showtime×Audience,ショウタイム×オーディエンス,25.0,25,1091,Expert,440,
Superhero,スーパーヒーロー,25.0,25,904,Expert,495,
I want to be your heart,だれかの心臓になれたなら,25.0,25,811,Expert,152,
Telecaster b boy,テレキャスタービーボーイ,25.0,25,726,Expert,134,
DONUT HOLE 2024,ドーナツホール 2024,25.0,25,1046,Expert,220,
TOKIO FUNKA,トキヲ・ファンカ,25.0,25,780,Expert,150,
NIJIIRO STORIES,ニジイロストーリーズ,25.0,25,881,Expert,103,
ONLINE GAME ADDICTS SPRECHCHOR,ネトゲ廃人シュプレヒコール,25.0,25,1156,Expert,298,
Noda,のだ,25.0,25,918,Expert,558,
Literary nonsense,ノンセンス文学,25.0,25,856,Expert,158,
Pamela,パメラ,25.0,25,877,Expert,653,
Bitter Choco Decoration,ビターチョコデコレーション,25.0,25,1059,Expert,129,
Fire Dance,ファイアダンス,25.0,25,606,Expert,576,
BURIKI NO DANCE,ブリキノダンス,25.0,25,852,Expert,38,
Bocca della Verità,ボッカデラベリタ,25.0,25,884,Expert,125,
MATORYOSHKA,マトリョシカ,25.0,25,887,Expert,221,
Miracle Paint,ミラクルペイント,25.5,25,1300,Expert,36,
Melt,メルト,25.0,25,1363,Expert,47,
Love ka?,ラブカ？,25.0,25,710,Expert,260,
Rainy Snowdrop,レイニースノードロップ,25.0,25,1234,Expert,283,
World Lampshade [reunion],ワールド・ランプシェード [reunion],25.0,25,895,Expert,534,
Retainer Supplanting His Lord,下剋上,25.0,25,1228,Expert,373,
Butterfly on Your Right Shoulder,右肩の蝶,25.0,25,1058,Expert,177,
Chikyuu Saigo no Kokuhaku wo,地球最後の告白を,25.0,25,884,Expert,154,
Into The Night,夜に駆ける,25.0,25,932,Expert,139,
Tengaku,天樂,25.0,25,1396,Expert,372,
Good Weather,快晴,25.0,25,1286,Expert,323,
Kiss the Villain,悪役にキスシーンを,25.0,25,998,Expert,377,
Cellphone Love Story,携帯恋話,25.0,25,981,Expert,61,
Stardust Utopia,星屑ユートピア,25.0,25,1183,Expert,261,
Moonlight,月光,25.0,25,1058,Expert,239,
Kimagure Mercy,気まぐれメルシィ,25.0,25,1247,Expert,281,
Pulse of the Meteor,流星のパルス,25.0,25,958,Expert,173,
Shinkai City Underground,深海シティアンダーグラウンド,25.0,25,872,Expert,645,
God-ish,神っぽいな,25.0,25,1035,Expert,385,
At God's Mercy,神のまにまに,25.0,25,900,Expert,201,
Shuuen Touhikou,終焉逃避行,25.0,25,721,Expert,547,
Reincarnation Apple,転生林檎,25.0,25,851,Expert,533,
Transparent Elegy,透明エレジー,25.0,25,848,Expert,520,
Toumei na Palette,透明なパレット,25.0,25,852,Expert,646,
"Can't Defeat ""Take No Notice Boys""",難聴系男子が倒せない,25.0,25,1028,Expert,341,
Rain and Petra,雨とペトラ,25.0,25,976,Expert,210,
Music Like Magic!,魔法みたいなミュージック！,25.0,25,1080,Expert,317,
Can't Make A Song!!,,25.0,25,907,Expert,459,
MikuFiesta,,25.0,25,867,Expert,479,
sweety glitch,,25.0,25,894,Expert,371,
Suki! Yuki! Honki Magic,好き！雪！本気マジック,25.0,25,828,Expert,611,
Star Night Snow,スターナイトスノウ,25.0,25,859,Expert,614,
Ai,アイ,25.0,25,821,Expert,616,
Otsukimi Recital,オツキミサイダル,25.0,25,972,Expert,764,
Kuusou Forest,空想フォレスト,25.0,25,917,Expert,753,
,,,,,,,
,,,,,,,
,,,,,,,
,,,,,,,
,,,,,,,
,,,,,,,
,,,,,,,
,,,,,,,
,,,,,,,
,,,,,,,
,,,,,,,
,,,,,,,
,,,,,,,
,,,,,,,
,,,,,,,
,,,,,,,
8.32,8.32,24.0,24,659,Expert,629,
"*Hello, Planet",31.5,24.0,24,931,Expert,118,
39,39,24.0,24,1139,Expert,331,
1925,1925,24.0,24,887,Expert,306,
Awake Now,Awake Now,24.0,24,723,Expert,244,
Bad Apple feat.SEKAI,Bad Apple feat.SEKAI,24.0,24,883,Expert,501,
CH4NGE,CH4NGE,24.0,24,789,Expert,513,
CRaZY,CR詠ZY,24.0,24,615,Expert,421,
Decade,Decade,24.0,24,839,Expert,319,
Flyer!,Flyer!,24.0,24,861,Expert,182,
Flyway,Flyway,24.0,24,1011,Expert,310,
Forward,Forward,24.0,24,737,Expert,55,
FREELY TOMORROW,FREELY TOMORROW,24.0,24,905,Expert,313,
from Y to Y,from Y to Y,24.0,24,847,Expert,96,
Hello Builder,Hello Builder,24.0,24,847,Expert,387,
JUMPIN’ OVER !,JUMPIN’ OVER !,24.0,24,858,Expert,422,
LEADER,LEADER,24.0,24,763,Expert,460,
Miku,Miku,24.0,24,990,Expert,153,
ODDS＆ENDS,ODDS＆ENDS,24.0,24,739,Expert,117,
p.h.,p.h.,24.0,24,739,Expert,297,
PaⅢ.SENSATION,PaⅢ.SENSATION,24.0,24,1032,Expert,195,
Polar Star,Polar Star,24.0,24,697,Expert,610,
Becoming Potatoes,potatoになっていく,24.0,24,721,Expert,52,
purpose,purpose,24.0,24,720,Expert,383,
Q,Q,24.0,24,907,Expert,202,
ray,ray,24.0,24,978,Expert,148,
Supernova,Supernova,24.0,24,750,Expert,457,
Sympathy,Sympathy,24.0,24,723,Expert,605,
Un-Lock,Un-Lock,24.0,24,894,Expert,393,
UNDERWATER,UNDERWATER,24.0,24,971,Expert,363,
WAVE,WAVE,24.0,24,794,Expert,522,
Wonder Style,Wonder Style,24.0,24,888,Expert,362,
Worlders,Worlders,24.0,24,924,Expert,579,
icedrop,アイスドロップ,24.0,24,704,Expert,140,
Newly Edgy Idols,アイドル新鋭隊,24.0,24,754,Expert,57,
A Word,アコトバ,24.0,24,664,Expert,483,
Attakaito,あったかいと,24.0,24,1026,Expert,271,
Ano Natsu ga Houwa Suru.,あの夏が飽和する。,24.0,24,626,Expert,650,
Abelia,アベリア,24.0,24,865,Expert,677,
Arinomama no Story wo,ありのままのストーリーを,24.0,24,892,Expert,635,
Anti-You,アンチユー,24.0,24,610,Expert,582,
I~ya I~ya I~ya,い〜やい〜やい〜や,24.0,24,792,Expert,670,
"1, 2, FanClub",いーあるふぁんくらぶ,24.0,24,863,Expert,174,
Integral,インテグラル,24.0,24,868,Expert,424,
Usseewa,うっせえわ,24.0,24,1035,Expert,204,
Electric Angel,えれくとりっく・えんじぇぅ,24.0,24,927,Expert,454,
Empurple,エンパープル,24.0,24,813,Expert,507,
Mischievous Function,おちゃめ機能,24.0,24,933,Expert,480,
Odorobo,おどロボ,24.0,24,1266,Expert,461,
As You Like It,お気に召すまま,24.0,24,808,Expert,106,
Airhead,ガランド,24.0,24,761,Expert,200,
Cantarella,カンタレラ,24.0,24,870,Expert,296,
Kimi to Boku no Resonance,きみとぼくのレゾナンス,24.0,24,896,Expert,523,
Cat Food,キャットフード,24.0,24,895,Expert,530,
Today is Cheerful too,きょうもハレバレ,24.0,24,793,Expert,493,
Becoming Empty,くうになる,24.0,24,769,Expert,417,
Kokoro,ココロ,24.0,24,945,Expert,312,
"This is, the Happiness and Peace of Mind Committee.",こちら、幸福安心委員会です。,24.0,24,898,Expert,279,
Summertime Record,サマータイムレコード,24.0,24,1107,Expert,395,
Cinema,シネマ,24.0,24,616,Expert,126,
Sweet Magic,スイートマジック,24.0,24,920,Expert,41,
Snowman,スノーマン,24.0,24,1001,Expert,343,
Smile*Symphony,スマイル*シンフォニー,24.0,24,594,Expert,577,
The World Hasn't Even Started Yet,セカイはまだ始まってすらいない,24.0,24,774,Expert,51,
"Even so, It's OK",それでもいいんだよ,24.0,24,897,Expert,274,
Getting Faster and Faster,だんだん早くなる,24.0,24,851,Expert,485,
Teammate,チームメイト,24.0,24,803,Expert,374,
Patchwork Staccato,ツギハギスタッカート,24.0,24,854,Expert,71,
Teratera,てらてら,24.0,24,1035,Expert,257,
It Was A Wonderful June,とても素敵な六月でした,24.0,24,1273,Expert,340,
Traffic jam,トラフィック・ジャム,24.0,24,896,Expert,143,
Tricologe,トリコロージュ,24.0,24,860,Expert,203,
Hide and Seek,ハイドアンド・シーク,24.0,24,764,Expert,438,
How-to Sekai Seifuku,ハウトゥー世界征服,24.0,24,803,Expert,672,
Hug,はぐ,24.0,24,851,Expert,429,
Hajimari no Mirai,はじまりの未来,24.0,24,972,Expert,573,
Happy Synthesizer,ハッピーシンセサイザ,24.0,24,859,Expert,10,
Paradichlorobenzene,パラジクロロベンゼン,24.0,24,916,Expert,275,
Hello Sekai,ハローセカイ,24.0,24,621,Expert,578,
Panda Hero,パンダヒーロー,24.0,24,820,Expert,566,
Viva Happy,ビバハピ,24.0,24,597,Expert,11,
phony,フォニイ,24.0,24,1064,Expert,277,
Fragile,フラジール,24.0,24,863,Expert,69,
Black★Rock Shooter,ブラック★ロックシューター,24.0,24,695,Expert,238,
Bless Your Breath,ブレス・ユア・ブレス,24.0,24,696,Expert,72,
From Tokyo,フロムトーキョー,24.0,24,640,Expert,130,
Boku no Kamisama,ぼくのかみさま,24.0,24,792,Expert,548,
Bottle Cake,ボトルケーキ,24.0,24,640,Expert,394,
Mind Brand,マインドブランド,24.0,24,1023,Expert,473,
Mikaboshi,みかぼし,24.0,24,984,Expert,518,
Mikumiku Ni Shiteageru [Shiteyanyo],みくみくにしてあげる♪【してやんよ】,24.0,24,739,Expert,124,
Mirai,ミライ,24.0,24,1017,Expert,180,
Musekinin Shuugoutai,㋰責任集合体,24.0,24,762,Expert,667,
Melancholic,メランコリック,24.0,24,917,Expert,369,
Melty Land Nightmare,メルティランドナイトメア,24.0,24,934,Expert,70,
Mozaik Role (Reloaded),モザイクロール (Reloaded),24.0,24,871,Expert,477,
Lucky☆Orb,ラッキー☆オーブ,24.0,24,802,Expert,415,
Remote Control,リモコン,24.0,24,903,Expert,146,
lily-lala,リリィララ,24.0,24,810,Expert,655,
Rumor,ルーマー,24.0,24,863,Expert,490,
ROKI,ロキ,24.0,24,827,Expert,2,
Lost Umbrella,ロストアンブレラ,24.0,24,804,Expert,551,
Romeo & Cinderella,ロミオとシンデレラ,24.0,24,856,Expert,121,
The World is Mine,ワールドイズマイン,24.0,24,1248,Expert,48,
Worldwide Wander,ワールドワイドワンダー,24.0,24,626,Expert,193,
Wah Wah World,ワーワーワールド,24.0,24,789,Expert,77,
Nh-Uh-Uh.,んっあっあっ。,24.0,24,742,Expert,430,
Otome Dissection,乙女解剖,24.0,24,834,Expert,92,
Kousenka,光線歌,24.0,24,700,Expert,634,
The Tailor of Enbizaka,円尾坂の仕立屋,24.0,24,842,Expert,347,
Murder Case at The Mansion of Antiquarian Books,古書屋敷殺人事件,24.0,24,823,Expert,436,
Nameless Revolution,名も無き革命,24.0,24,995,Expert,359,
"Ah, It's A Wonderful Cat's Life",嗚呼、素晴らしきニャン生,24.0,24,1185,Expert,346,
Natsu ni Toumei,夏に透明,24.0,24,691,Expert,565,
All Night Thinking of You,夜もすがら君想ふ,24.0,24,1004,Expert,255,
Angel's Wing.,天使の翼。,24.0,24,1072,Expert,326,
Ifuudoudou,威風堂々,24.0,24,975,Expert,95,
Shoujo A,少女A,24.0,24,1265,Expert,666,
Shoujo Rei,少女レイ,24.0,24,1168,Expert,169,
Imperial Girl,帝国少女,24.0,24,962,Expert,262,
Ghost City Tokyo,幽霊東京,24.0,24,904,Expert,102,
Kyoufuu All Back,強風オールバック,24.0,24,714,Expert,432,
Heart Forecast,心予報,24.0,24,909,Expert,188,
The Servant of Evil,悪ノ召使,24.0,24,609,Expert,191,
The Daughter of Evil,悪ノ娘,24.0,24,609,Expert,190,
Judgement of Corruption,悪徳のジャッジメント,24.0,24,777,Expert,348,
We are Stain Busters!,我らステインバスターズ！,24.0,24,797,Expert,400,
weigh anchor,抜錨,24.0,24,831,Expert,458,
Connecting the Stars,星を繋ぐ,24.0,24,753,Expert,375,
Starry sky melody,星空のメロディー,24.0,24,713,Expert,212,
Tokyo Summer Session,東京サマーセッション,24.0,24,892,Expert,621,
The Transient Apple Salesgirl,林檎売りの泡沫少女,24.0,24,1009,Expert,443,
Theatre,演劇,24.0,24,983,Expert,345,
Roshin Yuukai (meltdown),炉心融解,24.0,24,998,Expert,179,
Wintry Winds,番凩,24.0,24,716,Expert,403,
The Snow White Princess is,白い雪のプリンセスは,24.0,24,1273,Expert,355,
Gift from the Princess Who Brought Sleep,眠らせ姫からの贈り物,24.0,24,904,Expert,350,
"I am, We are",私は、私達は,24.0,24,712,Expert,287,
I'm the Rain,私は雨,24.0,24,823,Expert,492,
Musunde Hiraite Rasetsu to Mukuro,結ンデ開イテ羅刹ト骸,24.0,24,826,Expert,567,
Uninterrupted Indigo,絶え間なく藍色,24.0,24,1002,Expert,322,
Gunjo Sanka,群青讃歌,24.0,24,711,Expert,141,
Hana ni Kaze,花に風,24.0,24,755,Expert,537,
"Kaben, Sore ni Matsuwaru Onsei",花弁、それにまつわる音声,24.0,24,883,Expert,638,
Nihil-san,虚無さん,24.0,24,650,Expert,540,
Becoming pigs yeah yeah,豚になってyeah yeah,24.0,24,705,Expert,325,
Dance orchestra,踊れオーケストラ,24.0,24,845,Expert,240,
Unaware Drunkard,酔いどれ知らず,24.0,24,865,Expert,441,
Kindokei,金時計,24.0,24,747,Expert,678,
Aoku Kakero!,青く駆けろ！,24.0,24,919,Expert,93,
blue paint,青色絵具,24.0,24,846,Expert,232,
Just 1db Louder,Just 1db Louder,24.0,24,628,Expert,568,
Dream Kiss,ドリーム・キス,24.0,24,515,Expert,696,
Jougen no Tsuki,上弦の月,24.0,24,599,Expert,658,
Wakusei Loop,惑星ループ,24.0,24,857,Expert,690,
Chain Girl -Re Alive-,鎖の少女-Re Alive-,24.0,24,920,Expert,698,
Touka Suru Ondo,透過する温度,24.0,24,608,Expert,716,
Snow Fairy Story,Snow Fairy Story,24.0,24,912,Expert,612,
Shikakui Chikyuu wo Maruku Suru,四角い地球を丸くする,24.0,24,950,Expert,615,
Tobidase! Wandapyoi,とびだせ！わんだぴょい,24.0,24,788,Expert,660,
erase or zero,erase or zero,24.0,24,845,Expert,693,
Colorful Foundation,カラフルファンデーション,24.0,24,815,Expert,683,
Alkali Rettousei,アルカリレットウセイ,24.0,24,854,Expert,726,
Kairai no Utsutsu,傀儡のうつつ,24.0,24,719,Expert,735,
Daidaidaidaidai Kirai,ダイダイダイダイダイキライ,24.0,24,,Expert,722,
Hedgehog,ヘッジホッグ,24.0,24,837,Expert,710,
CRASH THE PARTY,CRASH THE PARTY,24.0,24,818,Expert,679,
Who?,Who?,24.0,24,687,Expert,680,
Hikyou Sentai Urotander,卑怯戦隊うろたんだー,24.0,24,1024,Expert,661,
Hikaku Shoukougun,比較症候群,24.0,24,889,Expert,712,
LOVELY♥CAVITY,,24.0,24,885,Expert,736,
Dreamer's Beat,ドリーマーズビート,24.0,24,670,Expert,743,
Propose,プロポーズ,24.0,24,830,Expert,734,
Cheerleader (feat. Hatsune Miku),,24.0,24,744,Expert,762,
Hikari no Atsume Kata,ひかりのあつめかた,24.0,24,818,Expert,757,
All in One,オールイン・ワン,24.0,24,1029,Expert,760,
Saika,Saika,24.0,24,875,Expert,748,
Gimmie more!,Gimmie more!,24.0,24,721,Expert,756,
Hikari,光,24.0,24,784,Expert,754,
Lapse,ラプス,24.0,24,855,Expert,758,
City Lights,シティライツ,24.0,24,649,Expert,791,
"Tenbin, Yubisaki de Furete",天秤、指先で触れて,24.0,24,866,Master,789,
De Los Santos,デロスサントス,24.0,24,963,Expert,794,
Stardust Rain,スターダストレイン,24.0,24,671,Expert,728,
Kimi ni Okuru Mirai,君に贈る未来,24.0,24,974,Expert,802,
,,,,,,,
Nekuratune Circus,ネクラチューンサーカス,24.0,24,1032,Hard,,hard not supported
Joou,嬢王,24.0,24,994,Hard,,hard not supported
0.0000034,0.0000034,24.0,24,1234,Hard,,hard not supported
Yuugen no Ran,幽玄ノ乱,24.0,24,1012,Hard,,hard not supported
,,,,,,,
,,,,,,,
,,,,,,,
,,,,,,,
,,,,,,,
,,,,,,,
,,,,,,,
「１」,「１」,23.0,23,619,Expert,132,
living millennium,1000年生きてる,23.0,23,673,Expert,434,
39Music!,39みゅーじっく！,23.0,23,839,Expert,45,
Afterglow,Afterglow,23.0,23,727,Expert,309,
alive,alive,23.0,23,804,Expert,82,
blender,blender,23.0,23,812,Expert,404,
Blessing,Blessing,23.0,23,859,Expert,50,
Change me,Change me,23.0,23,1019,Expert,265,
Color of Drops,Color of Drops,23.0,23,796,Expert,89,
Connecting,Connecting,23.0,23,616,Expert,619,
Copycat,Copycat,23.0,23,752,Expert,247,
Dear,Dear,23.0,23,1032,Expert,390,
ECHO,ECHO,23.0,23,659,Expert,100,
flos,flos,23.0,23,694,Expert,431,
Goodbye,Goodbye,23.0,23,734,Expert,228,
Hand in Hand,Hand in Hand,23.0,23,809,Expert,44,
Highlight,Highlight,23.0,23,596,Expert,263,
Intergalactic Bound,Intergalactic Bound,23.0,23,918,Expert,464,
Just Be Friends,Just Be Friends,23.0,23,811,Expert,27,
MOTTO!!!,MOTTO!!!,23.0,23,881,Expert,405,
Nostalogic,Nostalogic,23.0,23,719,Expert,13,
on the rocks,on the rocks,23.0,23,857,Expert,86,
On&On,On&On,23.0,23,712,Expert,426,
Shadow Shadow,Shadow Shadow,23.0,23,601,Expert,476,
Sharing the World,Sharing the World,23.0,23,937,Expert,318,
Unpoison,Unpoison,23.0,23,714,Expert,527,
Irony,アイロニ,23.0,23,861,Expert,293,
IF,イフ,23.0,23,845,Expert,211,
Eleventh,イレヴンス,23.0,23,677,Expert,539,
Interviewer,インタビュア,23.0,23,1006,Expert,330,
Tale of the Deep-sea Lily,ウミユリ海底譚,23.0,23,737,Expert,75,
Epilogue without you,エピローグに君はいない,23.0,23,596,Expert,332,
Envy Baby,エンヴィーベイビー,23.0,23,969,Expert,402,
Karakuri Pierrot,からくりピエロ,23.0,23,714,Expert,147,
Kirapipi★Kirapika,キラピピ★キラピカ,23.0,23,909,Expert,386,
CrystalSnow,クリスタルスノウ,23.0,23,694,Expert,593,
Saihate,サイハテ,23.0,23,840,Expert,556,
Charles,シャルル,23.0,23,701,Expert,19,
Strobe Last,ストロボラスト,23.0,23,725,Expert,305,
Suresure,すれすれ,23.0,23,521,Expert,442,
SEKAI,セカイ,23.0,23,735,Expert,76,
Time Machine,タイムマシン,23.0,23,719,Expert,8,
Double Lariat,ダブルラリアット,23.0,23,936,Expert,256,
Totemoitai Itagaritai,とても痛い痛がりたい,23.0,23,817,Expert,94,
dreamin chuchu,どりーみんチュチュ,23.0,23,873,Expert,123,
Torinoko City,トリノコシティ,23.0,23,753,Expert,242,
Do Re Mi Fa Rondo,ドレミファロンド ,23.0,23,690,Expert,603,
Nomad,ノマド,23.0,23,515,Expert,189,
The First Sound,ハジメテノオト,23.0,23,539,Expert,470,
Happy Cheat Day,ハッピーチートデー,23.0,23,645,Expert,463,
Fighter,ファイター,23.0,23,641,Expert,684,
Float Planner,フロート・プランナー,23.0,23,685,Expert,295,
Metamo Re:born,メタモリボン,23.0,23,580,Expert,209,
Lagtrain,ラグトレイン,23.0,23,705,Expert,469,
Lustrous,ラストラス,23.0,23,769,Expert,654,
Lonely Universe,ロンリーユニバース,23.0,23,781,Expert,269,
Kashika,仮死化,23.0,23,1019,Expert,267,
Thousand Year Solo,千年の独奏歌,23.0,23,791,Expert,223,
Waltz of the Deceased,去り人達のワルツ,23.0,23,672,Expert,192,
Natsuya no Uta,夏夜ノ唄,23.0,23,695,Expert,519,
Solar System Disco,太陽系デスコ,23.0,23,1018,Expert,360,
DSCF,妄想感傷代償連盟,23.0,23,908,Expert,194,
Yuke,征け,23.0,23,701,Expert,600,
Shinpaku Pairing,心拍ペアリング,23.0,23,575,Expert,382,
Heartbeat #0822,心拍数♯0822,23.0,23,675,Expert,155,
Love is War,恋は戦争,23.0,23,1081,Expert,365,
Because You're Here,愛されなくても君がいる,23.0,23,914,Expert,108,
Meikyoushisui,明鏡止水,23.0,23,728,Expert,481,
Starry Sky Orchestra,星空オーケストラ,23.0,23,1057,Expert,282,
Deep Sea Girl,深海少女,23.0,23,867,Expert,258,
Blazing,烈火,23.0,23,786,Expert,497,
Neppuu,熱風,23.0,23,871,Expert,489,
DUNE,砂の惑星,23.0,23,873,Expert,219,
Coral,箱庭のコラル,23.0,23,862,Expert,324,
Nouten,脳天,23.0,23,901,Expert,545,
Hollow,虚ろを扇ぐ,23.0,23,908,Expert,280,
City,街,23.0,23,668,Expert,217,
Aun no Beats,阿吽のビーツ,23.0,23,802,Expert,245,
A Moment of Sunshine,陽だまりのセツナ,23.0,23,932,Expert,314,
New Worlds,,23.0,23,973,Expert,673,
Ten Thousand Stars,,23.0,23,835,Expert,453,
Unsung Melodies,,23.0,23,615,Expert,419,
Koufukukei,幸福刑,23.0,23,773,Expert,630,
Yuki ga Tokeru Mae ni,雪がとける前に,23.0,23,618,Expert,613,
Pokapoka no Hoshi,ぽかぽかの星,23.0,23,783,Expert,617,
Fondant Step,Fondant Step,23.0,23,679,Expert,618,
Aria,アリア,23.0,23,544,Expert,720,
Ribbon,Ribbon,23.0,23,598,Expert,717,
Catch the Wave,Catch the Wave,23.0,23,739,Expert,699,
shrimp miku,,23.0,23,626,Expert,725,
Aishiteita no ni,あいしていたのに,23.0,23,550,Expert,721,
Sekai no Arukikata,世界の歩き方,23.0,23,683,Expert,739,
Uka,羽歌,23.0,23,714,Expert,740,
Tabi ni Kaeru,旅に帰る,23.0,23,670,Expert,742,
Pikkoon!!,ピッコーン！！,23.0,23,572,Expert,790,
,,,,,,,
Don't Fight The Music,Don't Fight The Music,23.0,23,1175,Hard,,hard not supported
the EmpErroR,the EmpErroR,23.0,23,894,Hard,,hard not supported
End Mark ni Kibou to Namida wo soete,エンドマークに希望と涙を添えて,23.0,23,1129,Hard,,hard not supported
MACHINEGUN POEM DOLL,マシンガンポエムドール,23.0,23,1154,Hard,,hard not supported
Memoria,メモリア,23.0,23,1324,Hard,,hard not supported
ARE YOU OK?,ダイジョブですか？,23.0,23,1073,Hard,,hard not supported
Ogyarinizer,おぎゃりないざー,23.0,23,1054,Hard,,hard not supported
Jinsei,人生,23.0,23,1057,Hard,,hard not supported
Yaminabe!!!!,ヤミナベ!!!!,23.0,23,1121,Hard,,hard not supported
,,,,,,,
,,,,,,,
,,,,,,,
,,,,,,,
,,,,,,,
,,,,,,,
,,,,,,,
,,,,,,,
,,,,,,,
,,,,,,,
,,,,,,,
,,,,,,,
,,,,,,,
,,,,,,,
,,,,,,,
,,,,,,,
,,,,,,,
,,,,,,,
Passion at 25:00,25時の情熱,22.0,22,625,Expert,409,
glow,glow,22.0,22,875,Expert,339,
Packaged,Packaged,22.0,22,739,Expert,604,
Tell Your World,Tell Your World,22.0,22,961,Expert,1,
Love material,アイノマテリアル,22.0,22,643,Expert,144,
Achikochi Date-san,あちこちデートさん,22.0,22,693,Expert,516,
Ichi Ni no San de,いちにのさんで,22.0,22,595,Expert,292,
Kanadetomosusora,カナデトモスソラ,22.0,22,522,Expert,149,
"Soko ni Aru, Hikari.",そこに在る、光。,22.0,22,403,Expert,564,
Sono E no Namae wa,その絵の名前は,22.0,22,514,Expert,597,
Sorega Anata No Shiawase To Shitemo,それがあなたの幸せとしても,22.0,22,615,Expert,294,
Twilight Light,トワイライトライト,22.0,22,520,Expert,384,
Near,ニア,22.0,22,702,Expert,73,
Hello/How Are You?,ハロ／ハワユ,22.0,22,690,Expert,66,
Meru,メリュー,22.0,22,632,Expert,218,
once upon a dream,ワンスアポンアドリーム,22.0,22,683,Expert,105,
Reborn,再生,22.0,22,458,Expert,142,
Dawn and Fireflies,夜明けと蛍,22.0,22,691,Expert,311,
Kokoronashi,心做し,22.0,22,676,Expert,358,
Love Trial,恋愛裁判,22.0,22,889,Expert,87,
Blooming into the Mud,泥中に咲く,22.0,22,646,Expert,270,
Hitorinbo Envy,独りんぼエンヴィー,22.0,22,544,Expert,74,
Ikiru,生きる,22.0,22,536,Expert,644,
Aioi,相生,22.0,22,879,Expert,351,
Jishoumushoku,自傷無色,22.0,22,614,Expert,67,
Kazatte,飾って,22.0,22,515,Expert,572,
Kokuhaku,告白,22.0,22,588,Expert,662,
Strata de Machiawase,ストラタでまちあわせ,22.0,22,441,Expert,738,
SAIRAI,SAIRAI,22.0,22,601,Expert,747,
Astronauts,アストロノーツ,22.0,22,468,Expert,792,
REM,レム,22.0,22,,Expert,765,
Ayano no Koufuku Riron,アヤノの幸福理論,22.0,22,552,Expert,752,
,,,,,,,
What's up? Pop!,What's up? Pop!,22.0,22,1175,Hard,,hard not supported
THE END OF HATSUNE MIKU,初音ミクの消失,22.0,22,1116,Hard,,hard not supported
,,,,,,,
,,,,,,,
,,,,,,,
,,,,,,,
,,,,,,,
,,,,,,,
,,,,,,,
,,,,,,,
,,,,,,,
,,,,,,,
,,,,,,,
,,,,,,,
,,,,,,,
,,,,,,,
,,,,,,,
,,,,,,,
,,,,,,,
,,,,,,,
,,,,,,,
,,,,,,,
,,,,,,,
,,,,,,,
Where shall we go?,Where shall we go?,21.0,21,594,Expert,338,
Anata no Sora ga Naku no Nara,あなたの空が泣くのなら,21.0,21,478,Expert,659,
Made to Order,オーダーメイド,21.0,21,480,Expert,196,
Layernote,レイヤーノートー,21.0,21,563,Expert,532,
Yoka ni Mitorete,余花にみとれて,21.0,21,599,Expert,500,
Give Me Your Night,君の夜をくれ,21.0,21,482,Expert,237,
Mawaru Sora Usagi,回る空うさぎ,21.0,21,607,Expert,607,
Suisei no Kuni,彗星ノ銀河,21.0,21,688,Expert,526,
,,,,,,,
MarbleBlue.,MarbleBlue.,21.0,21,1109,Hard,,hard not supported
Sage,Sage,21.0,21,956,Hard,,hard not supported
folern,folern,21.0,21,861,Hard,,hard not supported
ARQETYPE,ARQETYPE,21.0,21,723,Hard,,hard not supported
SANchi Chokusou,SAN値直葬,21.0,21,857,Hard,,hard not supported
Rotten Heresy and Chocolate,腐れ外道とチョコレゐト,21.0,21,979,Hard,,hard not supported
"Hatsune Kyousoukyouku Dai Ichiban ""Suisei""",初音狂奏曲第01番「彗惺」,21.0,21,910,Hard,,hard not supported
CHAOS,CHAOS,21.0,21,668,Hard,,hard not supported
ANiMA,ANiMA,21.0,21,617,Hard,,hard not supported
